
/*!40101 SET @OLD_CHARACTER_SET_CLIENT=@@CHARACTER_SET_CLIENT */;
/*!40101 SET @OLD_CHARACTER_SET_RESULTS=@@CHARACTER_SET_RESULTS */;
/*!40101 SET @OLD_COLLATION_CONNECTION=@@COLLATION_CONNECTION */;
/*!40101 SET NAMES utf8 */;
/*!40103 SET @OLD_TIME_ZONE=@@TIME_ZONE */;
/*!40103 SET TIME_ZONE='+00:00' */;
/*!40014 SET @OLD_UNIQUE_CHECKS=@@UNIQUE_CHECKS, UNIQUE_CHECKS=0 */;
/*!40014 SET @OLD_FOREIGN_KEY_CHECKS=@@FOREIGN_KEY_CHECKS, FOREIGN_KEY_CHECKS=0 */;
/*!40101 SET @OLD_SQL_MODE=@@SQL_MODE, SQL_MODE='NO_AUTO_VALUE_ON_ZERO' */;
/*!40111 SET @OLD_SQL_NOTES=@@SQL_NOTES, SQL_NOTES=0 */;
DROP TABLE IF EXISTS `accessories`;
/*!40101 SET @saved_cs_client     = @@character_set_client */;
/*!40101 SET character_set_client = utf8 */;
CREATE TABLE `accessories` (
  `id` int(10) unsigned NOT NULL AUTO_INCREMENT,
  `name` varchar(255) COLLATE utf8_unicode_ci DEFAULT NULL,
  `category_id` int(11) DEFAULT NULL,
  `user_id` int(11) DEFAULT NULL,
  `qty` int(11) NOT NULL DEFAULT '0',
  `requestable` tinyint(1) NOT NULL DEFAULT '0',
  `created_at` timestamp NULL DEFAULT NULL,
  `updated_at` timestamp NULL DEFAULT NULL,
  `deleted_at` timestamp NULL DEFAULT NULL,
  `location_id` int(11) DEFAULT NULL,
  `purchase_date` date DEFAULT NULL,
  `purchase_cost` decimal(20,2) DEFAULT NULL,
  `order_number` varchar(255) COLLATE utf8_unicode_ci DEFAULT NULL,
  `company_id` int(10) unsigned DEFAULT NULL,
  `min_amt` int(11) DEFAULT NULL,
  `manufacturer_id` int(11) DEFAULT NULL,
  `model_number` varchar(255) COLLATE utf8_unicode_ci DEFAULT NULL,
  `image` varchar(191) COLLATE utf8_unicode_ci DEFAULT NULL,
  `supplier_id` int(11) DEFAULT NULL,
  PRIMARY KEY (`id`)
) ENGINE=InnoDB DEFAULT CHARSET=utf8 COLLATE=utf8_unicode_ci;
/*!40101 SET character_set_client = @saved_cs_client */;

LOCK TABLES `accessories` WRITE;
/*!40000 ALTER TABLE `accessories` DISABLE KEYS */;
/*!40000 ALTER TABLE `accessories` ENABLE KEYS */;
UNLOCK TABLES;
DROP TABLE IF EXISTS `accessories_users`;
/*!40101 SET @saved_cs_client     = @@character_set_client */;
/*!40101 SET character_set_client = utf8 */;
CREATE TABLE `accessories_users` (
  `id` int(10) unsigned NOT NULL AUTO_INCREMENT,
  `user_id` int(11) DEFAULT NULL,
  `accessory_id` int(11) DEFAULT NULL,
  `assigned_to` int(11) DEFAULT NULL,
  `created_at` timestamp NULL DEFAULT NULL,
  `updated_at` timestamp NULL DEFAULT NULL,
  PRIMARY KEY (`id`)
) ENGINE=InnoDB DEFAULT CHARSET=utf8 COLLATE=utf8_unicode_ci;
/*!40101 SET character_set_client = @saved_cs_client */;

LOCK TABLES `accessories_users` WRITE;
/*!40000 ALTER TABLE `accessories_users` DISABLE KEYS */;
/*!40000 ALTER TABLE `accessories_users` ENABLE KEYS */;
UNLOCK TABLES;
DROP TABLE IF EXISTS `action_logs`;
/*!40101 SET @saved_cs_client     = @@character_set_client */;
/*!40101 SET character_set_client = utf8 */;
CREATE TABLE `action_logs` (
  `id` int(10) unsigned NOT NULL AUTO_INCREMENT,
  `user_id` int(11) DEFAULT NULL,
  `action_type` varchar(255) COLLATE utf8_unicode_ci NOT NULL,
  `target_id` int(11) DEFAULT NULL,
  `target_type` varchar(255) COLLATE utf8_unicode_ci DEFAULT NULL,
  `location_id` int(11) DEFAULT NULL,
  `note` text COLLATE utf8_unicode_ci,
  `filename` text COLLATE utf8_unicode_ci,
  `item_type` varchar(255) COLLATE utf8_unicode_ci NOT NULL,
  `item_id` int(11) NOT NULL,
  `expected_checkin` date DEFAULT NULL,
  `accepted_id` int(11) DEFAULT NULL,
  `created_at` timestamp NULL DEFAULT NULL,
  `updated_at` timestamp NULL DEFAULT NULL,
  `deleted_at` timestamp NULL DEFAULT NULL,
  `thread_id` int(11) DEFAULT NULL,
  `company_id` int(11) DEFAULT NULL,
  `accept_signature` varchar(100) COLLATE utf8_unicode_ci DEFAULT NULL,
  `log_meta` text COLLATE utf8_unicode_ci,
  PRIMARY KEY (`id`),
  KEY `action_logs_thread_id_index` (`thread_id`)
) ENGINE=InnoDB AUTO_INCREMENT=124 DEFAULT CHARSET=utf8 COLLATE=utf8_unicode_ci;
/*!40101 SET character_set_client = @saved_cs_client */;

LOCK TABLES `action_logs` WRITE;
/*!40000 ALTER TABLE `action_logs` DISABLE KEYS */;
INSERT INTO `action_logs` VALUES (1,2,'created',NULL,NULL,NULL,NULL,NULL,'App\\Models\\Asset',1,NULL,NULL,'2017-02-02 14:48:11','2017-02-02 14:48:11',NULL,NULL,1,NULL,NULL),(2,2,'checkout',178,'App\\Models\\User',1,'Checked out on asset creation',NULL,'App\\Models\\Asset',1,NULL,NULL,'2017-02-02 14:48:11','2017-02-02 14:48:11',NULL,NULL,NULL,NULL,NULL),(3,2,'created',NULL,NULL,NULL,NULL,NULL,'App\\Models\\License',1,NULL,NULL,'2017-02-02 14:53:09','2017-02-02 14:53:09',NULL,NULL,1,NULL,NULL),(4,2,'checkin',178,'App\\Models\\User',NULL,'',NULL,'App\\Models\\Asset',1,NULL,NULL,'2017-02-02 14:54:51','2017-02-02 14:54:51',NULL,NULL,NULL,NULL,NULL),(5,2,'checkout',178,'App\\Models\\User',1,'',NULL,'App\\Models\\Asset',1,NULL,NULL,'2017-02-02 14:55:38','2017-02-02 14:55:38',NULL,NULL,NULL,NULL,NULL),(6,2,'checkout',1,'App\\Models\\Asset',NULL,'',NULL,'App\\Models\\License',1,NULL,NULL,'2017-02-02 14:56:01','2017-02-02 14:56:01',NULL,NULL,1,NULL,NULL),(7,244,'created',NULL,NULL,NULL,NULL,NULL,'App\\Models\\Asset',2,NULL,NULL,'2017-07-20 08:07:12','2017-07-20 08:07:12',NULL,NULL,1,NULL,NULL),(8,244,'checkout',244,'App\\Models\\User',1,'Checked out on asset creation',NULL,'App\\Models\\Asset',2,NULL,NULL,'2017-07-20 08:07:12','2017-07-20 08:07:12',NULL,NULL,NULL,NULL,NULL),(9,217,'add seats',NULL,NULL,NULL,'+1 seats',NULL,'App\\Models\\License',1,NULL,NULL,'2017-10-19 10:04:19','2017-10-19 10:04:19',NULL,NULL,1,NULL,NULL),(10,217,'created',NULL,NULL,NULL,NULL,NULL,'App\\Models\\Asset',3,NULL,NULL,'2017-10-19 10:18:28','2017-10-19 10:18:28',NULL,NULL,1,NULL,NULL),(11,217,'checkout',217,'App\\Models\\User',1,'Checked out on asset creation',NULL,'App\\Models\\Asset',3,NULL,NULL,'2017-10-19 10:18:28','2017-10-19 10:18:28',NULL,NULL,1,NULL,NULL),(12,217,'update',NULL,NULL,NULL,NULL,NULL,'App\\Models\\Asset',2,NULL,NULL,'2017-10-19 12:26:00','2017-10-19 12:26:00',NULL,NULL,1,NULL,NULL),(13,217,'checkin',244,'App\\Models\\User',NULL,'',NULL,'App\\Models\\Asset',2,NULL,NULL,'2017-10-19 12:26:29','2017-10-19 12:26:29',NULL,NULL,NULL,NULL,NULL),(14,217,'checkout',217,'App\\Models\\User',1,'',NULL,'App\\Models\\Asset',2,NULL,NULL,'2017-10-19 12:28:46','2017-10-19 12:28:46',NULL,NULL,1,NULL,NULL),(15,240,'created',NULL,NULL,NULL,NULL,NULL,'App\\Models\\Asset',4,NULL,NULL,'2017-10-25 10:15:08','2017-10-25 10:15:08',NULL,NULL,1,NULL,NULL),(16,240,'created',NULL,NULL,NULL,NULL,NULL,'App\\Models\\Asset',5,NULL,NULL,'2017-10-25 10:26:11','2017-10-25 10:26:11',NULL,NULL,1,NULL,NULL),(17,240,'created',NULL,NULL,NULL,NULL,NULL,'App\\Models\\Asset',6,NULL,NULL,'2017-10-25 12:00:35','2017-10-25 12:00:35',NULL,NULL,1,NULL,NULL),(18,240,'created',NULL,NULL,NULL,NULL,NULL,'App\\Models\\Asset',7,NULL,NULL,'2017-10-25 12:04:01','2017-10-25 12:04:01',NULL,NULL,1,NULL,NULL),(19,240,'created',NULL,NULL,NULL,NULL,NULL,'App\\Models\\Asset',8,NULL,NULL,'2017-10-25 12:05:02','2017-10-25 12:05:02',NULL,NULL,NULL,NULL,NULL),(20,240,'created',NULL,NULL,NULL,NULL,NULL,'App\\Models\\Asset',9,NULL,NULL,'2017-10-25 12:07:53','2017-10-25 12:07:53',NULL,NULL,NULL,NULL,NULL),(21,240,'created',NULL,NULL,NULL,NULL,NULL,'App\\Models\\Asset',10,NULL,NULL,'2017-10-25 12:10:15','2017-10-25 12:10:15',NULL,NULL,1,NULL,NULL),(22,240,'created',NULL,NULL,NULL,NULL,NULL,'App\\Models\\Asset',11,NULL,NULL,'2017-10-25 12:20:56','2017-10-25 12:20:56',NULL,NULL,1,NULL,NULL),(23,240,'created',NULL,NULL,NULL,NULL,NULL,'App\\Models\\Asset',12,NULL,NULL,'2017-10-25 12:27:09','2017-10-25 12:27:09',NULL,NULL,1,NULL,NULL),(24,240,'created',NULL,NULL,NULL,NULL,NULL,'App\\Models\\Asset',13,NULL,NULL,'2017-10-25 12:28:15','2017-10-25 12:28:15',NULL,NULL,1,NULL,NULL),(25,240,'created',NULL,NULL,NULL,NULL,NULL,'App\\Models\\Asset',14,NULL,NULL,'2017-10-25 12:31:20','2017-10-25 12:31:20',NULL,NULL,1,NULL,NULL),(26,240,'created',NULL,NULL,NULL,NULL,NULL,'App\\Models\\Asset',15,NULL,NULL,'2017-10-25 12:32:25','2017-10-25 12:32:25',NULL,NULL,1,NULL,NULL),(27,240,'created',NULL,NULL,NULL,NULL,NULL,'App\\Models\\Asset',16,NULL,NULL,'2017-10-25 12:34:19','2017-10-25 12:34:19',NULL,NULL,1,NULL,NULL),(28,240,'created',NULL,NULL,NULL,NULL,NULL,'App\\Models\\Asset',17,NULL,NULL,'2017-10-25 12:35:55','2017-10-25 12:35:55',NULL,NULL,1,NULL,NULL),(29,240,'created',NULL,NULL,NULL,NULL,NULL,'App\\Models\\Asset',18,NULL,NULL,'2017-10-25 12:37:03','2017-10-25 12:37:03',NULL,NULL,1,NULL,NULL),(30,240,'created',NULL,NULL,NULL,NULL,NULL,'App\\Models\\Asset',19,NULL,NULL,'2017-10-25 12:39:58','2017-10-25 12:39:58',NULL,NULL,1,NULL,NULL),(31,240,'created',NULL,NULL,NULL,NULL,NULL,'App\\Models\\Asset',20,NULL,NULL,'2017-10-25 12:41:07','2017-10-25 12:41:07',NULL,NULL,NULL,NULL,NULL),(32,240,'created',NULL,NULL,NULL,NULL,NULL,'App\\Models\\Asset',21,NULL,NULL,'2017-10-25 12:43:07','2017-10-25 12:43:07',NULL,NULL,1,NULL,NULL),(33,240,'created',NULL,NULL,NULL,NULL,NULL,'App\\Models\\Asset',22,NULL,NULL,'2017-10-25 12:46:03','2017-10-25 12:46:03',NULL,NULL,1,NULL,NULL),(34,240,'created',NULL,NULL,NULL,NULL,NULL,'App\\Models\\Asset',23,NULL,NULL,'2017-10-25 12:49:03','2017-10-25 12:49:03',NULL,NULL,1,NULL,NULL),(35,240,'created',NULL,NULL,NULL,NULL,NULL,'App\\Models\\Asset',24,NULL,NULL,'2017-10-25 12:50:55','2017-10-25 12:50:55',NULL,NULL,1,NULL,NULL),(36,240,'created',NULL,NULL,NULL,NULL,NULL,'App\\Models\\Asset',25,NULL,NULL,'2017-10-25 12:53:20','2017-10-25 12:53:20',NULL,NULL,1,NULL,NULL),(37,240,'created',NULL,NULL,NULL,NULL,NULL,'App\\Models\\Asset',26,NULL,NULL,'2017-10-25 12:54:20','2017-10-25 12:54:20',NULL,NULL,1,NULL,NULL),(38,240,'created',NULL,NULL,NULL,NULL,NULL,'App\\Models\\Asset',27,NULL,NULL,'2017-10-25 12:56:57','2017-10-25 12:56:57',NULL,NULL,1,NULL,NULL),(39,240,'created',NULL,NULL,NULL,NULL,NULL,'App\\Models\\Asset',28,NULL,NULL,'2017-10-25 12:58:25','2017-10-25 12:58:25',NULL,NULL,1,NULL,NULL),(40,240,'created',NULL,NULL,NULL,NULL,NULL,'App\\Models\\Asset',29,NULL,NULL,'2017-10-25 13:01:33','2017-10-25 13:01:33',NULL,NULL,1,NULL,NULL),(41,240,'created',NULL,NULL,NULL,NULL,NULL,'App\\Models\\Asset',30,NULL,NULL,'2017-10-25 13:03:00','2017-10-25 13:03:00',NULL,NULL,1,NULL,NULL),(42,240,'created',NULL,NULL,NULL,NULL,NULL,'App\\Models\\Asset',31,NULL,NULL,'2017-10-25 13:05:21','2017-10-25 13:05:21',NULL,NULL,1,NULL,NULL),(43,240,'created',NULL,NULL,NULL,NULL,NULL,'App\\Models\\Asset',32,NULL,NULL,'2017-10-25 13:06:47','2017-10-25 13:06:47',NULL,NULL,1,NULL,NULL),(44,240,'created',NULL,NULL,NULL,NULL,NULL,'App\\Models\\Asset',33,NULL,NULL,'2017-10-25 13:07:55','2017-10-25 13:07:55',NULL,NULL,1,NULL,NULL),(45,240,'created',NULL,NULL,NULL,NULL,NULL,'App\\Models\\Asset',34,NULL,NULL,'2017-10-25 13:08:56','2017-10-25 13:08:56',NULL,NULL,1,NULL,NULL),(46,240,'created',NULL,NULL,NULL,NULL,NULL,'App\\Models\\Asset',35,NULL,NULL,'2017-10-25 13:10:18','2017-10-25 13:10:18',NULL,NULL,1,NULL,NULL),(47,240,'created',NULL,NULL,NULL,NULL,NULL,'App\\Models\\Asset',36,NULL,NULL,'2017-10-25 13:12:24','2017-10-25 13:12:24',NULL,NULL,1,NULL,NULL),(48,240,'created',NULL,NULL,NULL,NULL,NULL,'App\\Models\\Asset',37,NULL,NULL,'2017-10-25 13:14:20','2017-10-25 13:14:20',NULL,NULL,1,NULL,NULL),(49,240,'created',NULL,NULL,NULL,NULL,NULL,'App\\Models\\Asset',38,NULL,NULL,'2017-10-25 13:15:47','2017-10-25 13:15:47',NULL,NULL,NULL,NULL,NULL),(50,240,'created',NULL,NULL,NULL,NULL,NULL,'App\\Models\\Asset',39,NULL,NULL,'2017-10-25 13:17:30','2017-10-25 13:17:30',NULL,NULL,1,NULL,NULL),(51,240,'created',NULL,NULL,NULL,NULL,NULL,'App\\Models\\Asset',40,NULL,NULL,'2017-10-25 13:20:47','2017-10-25 13:20:47',NULL,NULL,1,NULL,NULL),(52,240,'created',NULL,NULL,NULL,NULL,NULL,'App\\Models\\Asset',41,NULL,NULL,'2017-10-25 13:28:13','2017-10-25 13:28:13',NULL,NULL,1,NULL,NULL),(53,240,'created',NULL,NULL,NULL,NULL,NULL,'App\\Models\\Asset',42,NULL,NULL,'2017-10-25 13:29:36','2017-10-25 13:29:36',NULL,NULL,1,NULL,NULL),(54,240,'created',NULL,NULL,NULL,NULL,NULL,'App\\Models\\Asset',43,NULL,NULL,'2017-10-25 13:30:54','2017-10-25 13:30:54',NULL,NULL,1,NULL,NULL),(55,240,'created',NULL,NULL,NULL,NULL,NULL,'App\\Models\\Asset',44,NULL,NULL,'2017-10-25 13:33:12','2017-10-25 13:33:12',NULL,NULL,1,NULL,NULL),(56,240,'created',NULL,NULL,NULL,NULL,NULL,'App\\Models\\Asset',45,NULL,NULL,'2017-10-25 13:34:33','2017-10-25 13:34:33',NULL,NULL,1,NULL,NULL),(57,240,'created',NULL,NULL,NULL,NULL,NULL,'App\\Models\\Asset',46,NULL,NULL,'2017-10-25 13:37:07','2017-10-25 13:37:07',NULL,NULL,1,NULL,NULL),(58,240,'created',NULL,NULL,NULL,NULL,NULL,'App\\Models\\Asset',47,NULL,NULL,'2017-10-25 13:38:39','2017-10-25 13:38:39',NULL,NULL,1,NULL,NULL),(59,240,'created',NULL,NULL,NULL,NULL,NULL,'App\\Models\\Asset',48,NULL,NULL,'2017-10-25 13:41:58','2017-10-25 13:41:58',NULL,NULL,1,NULL,NULL),(60,240,'created',NULL,NULL,NULL,NULL,NULL,'App\\Models\\Asset',49,NULL,NULL,'2017-10-25 13:43:26','2017-10-25 13:43:26',NULL,NULL,1,NULL,NULL),(61,240,'created',NULL,NULL,NULL,NULL,NULL,'App\\Models\\Asset',50,NULL,NULL,'2017-10-25 13:45:41','2017-10-25 13:45:41',NULL,NULL,1,NULL,NULL),(62,240,'created',NULL,NULL,NULL,NULL,NULL,'App\\Models\\Asset',51,NULL,NULL,'2017-10-25 13:50:22','2017-10-25 13:50:22',NULL,NULL,1,NULL,NULL),(63,240,'created',NULL,NULL,NULL,NULL,NULL,'App\\Models\\Asset',52,NULL,NULL,'2017-10-25 13:51:48','2017-10-25 13:51:48',NULL,NULL,1,NULL,NULL),(64,240,'created',NULL,NULL,NULL,NULL,NULL,'App\\Models\\Asset',53,NULL,NULL,'2017-10-25 13:53:27','2017-10-25 13:53:27',NULL,NULL,1,NULL,NULL),(65,240,'created',NULL,NULL,NULL,NULL,NULL,'App\\Models\\Asset',54,NULL,NULL,'2017-10-25 13:55:26','2017-10-25 13:55:26',NULL,NULL,1,NULL,NULL),(66,240,'created',NULL,NULL,NULL,NULL,NULL,'App\\Models\\Asset',55,NULL,NULL,'2017-10-25 13:58:00','2017-10-25 13:58:00',NULL,NULL,1,NULL,NULL),(67,240,'created',NULL,NULL,NULL,NULL,NULL,'App\\Models\\Asset',56,NULL,NULL,'2017-10-25 13:59:18','2017-10-25 13:59:18',NULL,NULL,1,NULL,NULL),(68,240,'created',NULL,NULL,NULL,NULL,NULL,'App\\Models\\Asset',57,NULL,NULL,'2017-10-25 14:02:31','2017-10-25 14:02:31',NULL,NULL,1,NULL,NULL),(69,240,'created',NULL,NULL,NULL,NULL,NULL,'App\\Models\\Asset',58,NULL,NULL,'2017-10-25 14:04:24','2017-10-25 14:04:24',NULL,NULL,1,NULL,NULL),(70,240,'created',NULL,NULL,NULL,NULL,NULL,'App\\Models\\Asset',59,NULL,NULL,'2017-10-25 14:06:14','2017-10-25 14:06:14',NULL,NULL,1,NULL,NULL),(71,240,'created',NULL,NULL,NULL,NULL,NULL,'App\\Models\\Asset',60,NULL,NULL,'2017-10-25 14:07:55','2017-10-25 14:07:55',NULL,NULL,1,NULL,NULL),(72,240,'created',NULL,NULL,NULL,NULL,NULL,'App\\Models\\Asset',61,NULL,NULL,'2017-10-25 14:09:47','2017-10-25 14:09:47',NULL,NULL,1,NULL,NULL),(73,240,'created',NULL,NULL,NULL,NULL,NULL,'App\\Models\\Asset',62,NULL,NULL,'2017-10-25 14:11:10','2017-10-25 14:11:10',NULL,NULL,1,NULL,NULL),(74,240,'created',NULL,NULL,NULL,NULL,NULL,'App\\Models\\Asset',63,NULL,NULL,'2017-10-25 14:12:32','2017-10-25 14:12:32',NULL,NULL,1,NULL,NULL),(75,240,'created',NULL,NULL,NULL,NULL,NULL,'App\\Models\\Asset',64,NULL,NULL,'2017-10-25 14:13:55','2017-10-25 14:13:55',NULL,NULL,1,NULL,NULL),(76,240,'created',NULL,NULL,NULL,NULL,NULL,'App\\Models\\Asset',65,NULL,NULL,'2017-10-25 14:16:42','2017-10-25 14:16:42',NULL,NULL,1,NULL,NULL),(77,240,'created',NULL,NULL,NULL,NULL,NULL,'App\\Models\\Asset',66,NULL,NULL,'2017-10-25 14:18:24','2017-10-25 14:18:24',NULL,NULL,NULL,NULL,NULL),(78,240,'created',NULL,NULL,NULL,NULL,NULL,'App\\Models\\Asset',67,NULL,NULL,'2017-10-25 14:20:17','2017-10-25 14:20:17',NULL,NULL,NULL,NULL,NULL),(79,240,'created',NULL,NULL,NULL,NULL,NULL,'App\\Models\\Asset',68,NULL,NULL,'2017-10-25 14:22:07','2017-10-25 14:22:07',NULL,NULL,1,NULL,NULL),(80,240,'created',NULL,NULL,NULL,NULL,NULL,'App\\Models\\Asset',69,NULL,NULL,'2017-10-25 14:25:16','2017-10-25 14:25:16',NULL,NULL,1,NULL,NULL),(81,240,'created',NULL,NULL,NULL,NULL,NULL,'App\\Models\\Asset',70,NULL,NULL,'2017-10-25 14:27:33','2017-10-25 14:27:33',NULL,NULL,1,NULL,NULL),(82,240,'created',NULL,NULL,NULL,NULL,NULL,'App\\Models\\Asset',71,NULL,NULL,'2017-10-25 14:29:15','2017-10-25 14:29:15',NULL,NULL,1,NULL,NULL),(83,240,'created',NULL,NULL,NULL,NULL,NULL,'App\\Models\\Asset',72,NULL,NULL,'2017-10-25 14:30:20','2017-10-25 14:30:20',NULL,NULL,1,NULL,NULL),(84,240,'created',NULL,NULL,NULL,NULL,NULL,'App\\Models\\Asset',73,NULL,NULL,'2017-10-25 14:31:44','2017-10-25 14:31:44',NULL,NULL,1,NULL,NULL),(85,240,'created',NULL,NULL,NULL,NULL,NULL,'App\\Models\\Asset',74,NULL,NULL,'2017-10-25 14:32:58','2017-10-25 14:32:58',NULL,NULL,1,NULL,NULL),(86,240,'created',NULL,NULL,NULL,NULL,NULL,'App\\Models\\Asset',75,NULL,NULL,'2017-10-25 14:34:02','2017-10-25 14:34:02',NULL,NULL,1,NULL,NULL),(87,240,'created',NULL,NULL,NULL,NULL,NULL,'App\\Models\\Asset',76,NULL,NULL,'2017-10-25 14:40:46','2017-10-25 14:40:46',NULL,NULL,1,NULL,NULL),(88,240,'created',NULL,NULL,NULL,NULL,NULL,'App\\Models\\Asset',77,NULL,NULL,'2017-10-25 14:41:52','2017-10-25 14:41:52',NULL,NULL,1,NULL,NULL),(89,240,'created',NULL,NULL,NULL,NULL,NULL,'App\\Models\\Asset',78,NULL,NULL,'2017-10-25 14:43:56','2017-10-25 14:43:56',NULL,NULL,1,NULL,NULL),(90,240,'created',NULL,NULL,NULL,NULL,NULL,'App\\Models\\Asset',79,NULL,NULL,'2017-10-25 14:45:18','2017-10-25 14:45:18',NULL,NULL,1,NULL,NULL),(91,240,'created',NULL,NULL,NULL,NULL,NULL,'App\\Models\\Asset',80,NULL,NULL,'2017-10-25 14:47:59','2017-10-25 14:47:59',NULL,NULL,1,NULL,NULL),(92,240,'created',NULL,NULL,NULL,NULL,NULL,'App\\Models\\Asset',81,NULL,NULL,'2017-10-25 14:50:04','2017-10-25 14:50:04',NULL,NULL,1,NULL,NULL),(93,240,'checkout',225,'App\\Models\\User',1,'Checked out on asset creation',NULL,'App\\Models\\Asset',81,NULL,NULL,'2017-10-25 14:50:04','2017-10-25 14:50:04',NULL,NULL,NULL,NULL,NULL),(94,240,'created',NULL,NULL,NULL,NULL,NULL,'App\\Models\\Asset',82,NULL,NULL,'2017-10-25 14:51:27','2017-10-25 14:51:27',NULL,NULL,1,NULL,NULL),(95,240,'created',NULL,NULL,NULL,NULL,NULL,'App\\Models\\Asset',83,NULL,NULL,'2017-10-25 14:52:54','2017-10-25 14:52:54',NULL,NULL,1,NULL,NULL),(96,240,'created',NULL,NULL,NULL,NULL,NULL,'App\\Models\\Asset',84,NULL,NULL,'2017-10-25 14:54:16','2017-10-25 14:54:16',NULL,NULL,1,NULL,NULL),(97,240,'created',NULL,NULL,NULL,NULL,NULL,'App\\Models\\Asset',85,NULL,NULL,'2017-10-25 14:56:07','2017-10-25 14:56:07',NULL,NULL,1,NULL,NULL),(98,240,'created',NULL,NULL,NULL,NULL,NULL,'App\\Models\\Asset',86,NULL,NULL,'2017-10-25 15:00:49','2017-10-25 15:00:49',NULL,NULL,1,NULL,NULL),(99,240,'created',NULL,NULL,NULL,NULL,NULL,'App\\Models\\Asset',87,NULL,NULL,'2017-10-25 15:03:45','2017-10-25 15:03:45',NULL,NULL,1,NULL,NULL),(100,240,'created',NULL,NULL,NULL,NULL,NULL,'App\\Models\\Asset',88,NULL,NULL,'2017-10-25 15:07:42','2017-10-25 15:07:42',NULL,NULL,1,NULL,NULL),(101,240,'checkout',225,'App\\Models\\User',1,'Checked out on asset creation',NULL,'App\\Models\\Asset',88,NULL,NULL,'2017-10-25 15:07:42','2017-10-25 15:07:42',NULL,NULL,NULL,NULL,NULL),(102,240,'created',NULL,NULL,NULL,NULL,NULL,'App\\Models\\Asset',89,NULL,NULL,'2017-10-25 15:08:34','2017-10-25 15:08:34',NULL,NULL,1,NULL,NULL),(103,240,'checkout',225,'App\\Models\\User',1,'Checked out on asset creation',NULL,'App\\Models\\Asset',89,NULL,NULL,'2017-10-25 15:08:34','2017-10-25 15:08:34',NULL,NULL,NULL,NULL,NULL),(104,240,'created',NULL,NULL,NULL,NULL,NULL,'App\\Models\\Asset',90,NULL,NULL,'2017-10-25 15:12:31','2017-10-25 15:12:31',NULL,NULL,1,NULL,NULL),(105,240,'created',NULL,NULL,NULL,NULL,NULL,'App\\Models\\Asset',91,NULL,NULL,'2017-10-25 15:15:10','2017-10-25 15:15:10',NULL,NULL,NULL,NULL,NULL),(106,240,'created',NULL,NULL,NULL,NULL,NULL,'App\\Models\\Asset',92,NULL,NULL,'2017-10-25 15:16:32','2017-10-25 15:16:32',NULL,NULL,1,NULL,NULL),(107,240,'created',NULL,NULL,NULL,NULL,NULL,'App\\Models\\Asset',93,NULL,NULL,'2017-10-25 15:18:59','2017-10-25 15:18:59',NULL,NULL,NULL,NULL,NULL),(108,240,'created',NULL,NULL,NULL,NULL,NULL,'App\\Models\\Asset',94,NULL,NULL,'2017-10-25 15:22:41','2017-10-25 15:22:41',NULL,NULL,1,NULL,NULL),(109,240,'created',NULL,NULL,NULL,NULL,NULL,'App\\Models\\Asset',95,NULL,NULL,'2017-10-25 15:24:53','2017-10-25 15:24:53',NULL,NULL,1,NULL,NULL),(110,240,'created',NULL,NULL,NULL,NULL,NULL,'App\\Models\\Asset',96,NULL,NULL,'2017-10-25 15:26:42','2017-10-25 15:26:42',NULL,NULL,1,NULL,NULL),(111,240,'checkout',217,'App\\Models\\User',2,'Checked out on asset creation',NULL,'App\\Models\\Asset',96,NULL,NULL,'2017-10-25 15:26:42','2017-10-25 15:26:42',NULL,NULL,1,NULL,NULL),(112,240,'created',NULL,NULL,NULL,NULL,NULL,'App\\Models\\Asset',97,NULL,NULL,'2017-10-25 15:29:29','2017-10-25 15:29:29',NULL,NULL,1,NULL,NULL),(113,240,'created',NULL,NULL,NULL,NULL,NULL,'App\\Models\\Asset',98,NULL,NULL,'2017-10-25 15:32:46','2017-10-25 15:32:46',NULL,NULL,1,NULL,NULL),(114,240,'created',NULL,NULL,NULL,NULL,NULL,'App\\Models\\Asset',99,NULL,NULL,'2017-10-25 15:34:06','2017-10-25 15:34:06',NULL,NULL,1,NULL,NULL),(115,240,'created',NULL,NULL,NULL,NULL,NULL,'App\\Models\\Asset',100,NULL,NULL,'2017-10-25 15:37:42','2017-10-25 15:37:42',NULL,NULL,1,NULL,NULL),(116,240,'created',NULL,NULL,NULL,NULL,NULL,'App\\Models\\Asset',101,NULL,NULL,'2017-10-25 15:39:35','2017-10-25 15:39:35',NULL,NULL,1,NULL,NULL),(117,240,'created',NULL,NULL,NULL,NULL,NULL,'App\\Models\\Asset',102,NULL,NULL,'2017-10-25 15:41:16','2017-10-25 15:41:16',NULL,NULL,1,NULL,NULL),(118,240,'created',NULL,NULL,NULL,NULL,NULL,'App\\Models\\Asset',103,NULL,NULL,'2017-10-25 15:45:24','2017-10-25 15:45:24',NULL,NULL,1,NULL,NULL),(119,240,'created',NULL,NULL,NULL,NULL,NULL,'App\\Models\\Asset',104,NULL,NULL,'2017-10-25 15:48:58','2017-10-25 15:48:58',NULL,NULL,1,NULL,NULL),(120,240,'created',NULL,NULL,NULL,NULL,NULL,'App\\Models\\Asset',105,NULL,NULL,'2017-10-25 15:51:10','2017-10-25 15:51:10',NULL,NULL,1,NULL,NULL),(121,240,'created',NULL,NULL,NULL,NULL,NULL,'App\\Models\\Asset',106,NULL,NULL,'2017-10-25 15:53:57','2017-10-25 15:53:57',NULL,NULL,1,NULL,NULL),(122,240,'created',NULL,NULL,NULL,NULL,NULL,'App\\Models\\Asset',107,NULL,NULL,'2017-10-27 08:54:52','2017-10-27 08:54:52',NULL,NULL,1,NULL,NULL),(123,240,'created',NULL,NULL,NULL,NULL,NULL,'App\\Models\\Asset',108,NULL,NULL,'2017-10-27 08:57:02','2017-10-27 08:57:02',NULL,NULL,1,NULL,NULL);
/*!40000 ALTER TABLE `action_logs` ENABLE KEYS */;
UNLOCK TABLES;
DROP TABLE IF EXISTS `asset_logs`;
/*!40101 SET @saved_cs_client     = @@character_set_client */;
/*!40101 SET character_set_client = utf8 */;
CREATE TABLE `asset_logs` (
  `id` int(10) unsigned NOT NULL AUTO_INCREMENT,
  `user_id` int(11) DEFAULT NULL,
  `action_type` varchar(255) COLLATE utf8_unicode_ci NOT NULL,
  `asset_id` int(11) NOT NULL,
  `checkedout_to` int(11) DEFAULT NULL,
  `location_id` int(11) DEFAULT NULL,
  `created_at` timestamp NULL DEFAULT NULL,
  `updated_at` timestamp NULL DEFAULT NULL,
  `deleted_at` timestamp NULL DEFAULT NULL,
  `asset_type` varchar(100) COLLATE utf8_unicode_ci DEFAULT NULL,
  `note` text COLLATE utf8_unicode_ci,
  `filename` text COLLATE utf8_unicode_ci,
  `requested_at` datetime DEFAULT NULL,
  `accepted_at` datetime DEFAULT NULL,
  `accessory_id` int(11) DEFAULT NULL,
  `accepted_id` int(11) DEFAULT NULL,
  `consumable_id` int(11) DEFAULT NULL,
  `expected_checkin` date DEFAULT NULL,
  `component_id` int(11) DEFAULT NULL,
  PRIMARY KEY (`id`)
) ENGINE=InnoDB DEFAULT CHARSET=utf8 COLLATE=utf8_unicode_ci;
/*!40101 SET character_set_client = @saved_cs_client */;

LOCK TABLES `asset_logs` WRITE;
/*!40000 ALTER TABLE `asset_logs` DISABLE KEYS */;
/*!40000 ALTER TABLE `asset_logs` ENABLE KEYS */;
UNLOCK TABLES;
DROP TABLE IF EXISTS `asset_maintenances`;
/*!40101 SET @saved_cs_client     = @@character_set_client */;
/*!40101 SET character_set_client = utf8 */;
CREATE TABLE `asset_maintenances` (
  `id` int(10) unsigned NOT NULL AUTO_INCREMENT,
  `asset_id` int(10) unsigned NOT NULL,
  `supplier_id` int(10) unsigned NOT NULL,
  `asset_maintenance_type` varchar(255) COLLATE utf8_unicode_ci NOT NULL,
  `title` varchar(100) COLLATE utf8_unicode_ci NOT NULL,
  `is_warranty` tinyint(1) NOT NULL,
  `start_date` date NOT NULL,
  `completion_date` date DEFAULT NULL,
  `asset_maintenance_time` int(11) DEFAULT NULL,
  `notes` longtext COLLATE utf8_unicode_ci,
  `cost` decimal(20,2) DEFAULT NULL,
  `deleted_at` datetime DEFAULT NULL,
  `created_at` timestamp NULL DEFAULT NULL,
  `updated_at` timestamp NULL DEFAULT NULL,
  `user_id` int(11) DEFAULT NULL,
  PRIMARY KEY (`id`)
) ENGINE=InnoDB DEFAULT CHARSET=utf8 COLLATE=utf8_unicode_ci;
/*!40101 SET character_set_client = @saved_cs_client */;

LOCK TABLES `asset_maintenances` WRITE;
/*!40000 ALTER TABLE `asset_maintenances` DISABLE KEYS */;
/*!40000 ALTER TABLE `asset_maintenances` ENABLE KEYS */;
UNLOCK TABLES;
DROP TABLE IF EXISTS `asset_uploads`;
/*!40101 SET @saved_cs_client     = @@character_set_client */;
/*!40101 SET character_set_client = utf8 */;
CREATE TABLE `asset_uploads` (
  `id` int(10) unsigned NOT NULL AUTO_INCREMENT,
  `user_id` int(11) DEFAULT NULL,
  `filename` varchar(255) COLLATE utf8_unicode_ci NOT NULL,
  `asset_id` int(11) NOT NULL,
  `filenotes` varchar(255) COLLATE utf8_unicode_ci DEFAULT NULL,
  `created_at` timestamp NULL DEFAULT NULL,
  `updated_at` timestamp NULL DEFAULT NULL,
  `deleted_at` timestamp NULL DEFAULT NULL,
  PRIMARY KEY (`id`)
) ENGINE=InnoDB DEFAULT CHARSET=utf8 COLLATE=utf8_unicode_ci;
/*!40101 SET character_set_client = @saved_cs_client */;

LOCK TABLES `asset_uploads` WRITE;
/*!40000 ALTER TABLE `asset_uploads` DISABLE KEYS */;
/*!40000 ALTER TABLE `asset_uploads` ENABLE KEYS */;
UNLOCK TABLES;
DROP TABLE IF EXISTS `assets`;
/*!40101 SET @saved_cs_client     = @@character_set_client */;
/*!40101 SET character_set_client = utf8 */;
CREATE TABLE `assets` (
  `id` int(10) unsigned NOT NULL AUTO_INCREMENT,
  `name` varchar(255) COLLATE utf8_unicode_ci DEFAULT NULL,
  `asset_tag` varchar(255) COLLATE utf8_unicode_ci DEFAULT NULL,
  `model_id` int(11) DEFAULT NULL,
  `serial` varchar(255) COLLATE utf8_unicode_ci DEFAULT NULL,
  `purchase_date` date DEFAULT NULL,
  `purchase_cost` decimal(20,2) DEFAULT NULL,
  `order_number` varchar(255) COLLATE utf8_unicode_ci DEFAULT NULL,
  `assigned_to` int(11) DEFAULT NULL,
  `notes` text COLLATE utf8_unicode_ci,
  `image` text COLLATE utf8_unicode_ci,
  `user_id` int(11) DEFAULT NULL,
  `created_at` timestamp NULL DEFAULT NULL,
  `updated_at` timestamp NULL DEFAULT NULL,
  `physical` tinyint(1) NOT NULL DEFAULT '1',
  `deleted_at` timestamp NULL DEFAULT NULL,
  `status_id` int(11) DEFAULT NULL,
  `archived` tinyint(1) DEFAULT '0',
  `warranty_months` int(11) DEFAULT NULL,
  `depreciate` tinyint(1) DEFAULT NULL,
  `supplier_id` int(11) DEFAULT NULL,
  `requestable` tinyint(4) NOT NULL DEFAULT '0',
  `rtd_location_id` int(11) DEFAULT NULL,
  `_snipeit_mac_address_1` varchar(255) COLLATE utf8_unicode_ci DEFAULT NULL,
  `accepted` varchar(255) COLLATE utf8_unicode_ci DEFAULT NULL,
  `last_checkout` datetime DEFAULT NULL,
  `expected_checkin` date DEFAULT NULL,
  `company_id` int(10) unsigned DEFAULT NULL,
  `assigned_type` varchar(191) COLLATE utf8_unicode_ci DEFAULT NULL,
  `last_audit_date` datetime DEFAULT NULL,
  `next_audit_date` date DEFAULT NULL,
  `location_id` int(11) DEFAULT NULL,
  PRIMARY KEY (`id`),
  KEY `assets_rtd_location_id_index` (`rtd_location_id`),
  KEY `assets_assigned_type_assigned_to_index` (`assigned_type`,`assigned_to`)
) ENGINE=InnoDB AUTO_INCREMENT=109 DEFAULT CHARSET=utf8 COLLATE=utf8_unicode_ci;
/*!40101 SET character_set_client = @saved_cs_client */;

LOCK TABLES `assets` WRITE;
/*!40000 ALTER TABLE `assets` DISABLE KEYS */;
INSERT INTO `assets` VALUES (1,'PC Fabrizio Barison','398',2,'CNU2030W1N','2012-02-20',NULL,'',178,'PC Fabrizio Barison',NULL,2,'2017-02-02 14:48:11','2017-12-19 11:24:39',1,NULL,5,0,NULL,0,NULL,0,1,NULL,NULL,'2017-02-02 15:55:38','2017-02-21',1,'App\\Models\\User',NULL,NULL,1),(2,'','IKS620',3,'5CG7230HM9','2017-06-22',NULL,'',217,'Core i7 7500U Win 10 Pro - 16 GB RAM - 512 GB SSD - 15.6&quot;',NULL,244,'2017-07-20 08:07:12','2017-12-19 11:24:39',1,NULL,1,0,36,0,NULL,1,1,NULL,NULL,'2017-10-19 14:28:46',NULL,1,'App\\Models\\User',NULL,NULL,2),(3,'Telefono','CU',1,'',NULL,NULL,'',NULL,'',NULL,217,'2017-10-19 10:18:28','2017-10-19 12:21:26',1,'2017-10-19 12:21:26',5,0,NULL,0,0,0,2,NULL,NULL,'2017-10-19 12:18:28',NULL,1,NULL,NULL,NULL,NULL),(4,'','27',4,'',NULL,NULL,'',NULL,'',NULL,240,'2017-10-25 10:15:08','2017-12-19 11:24:39',1,NULL,5,0,NULL,0,NULL,0,1,NULL,NULL,NULL,NULL,1,NULL,NULL,NULL,1),(5,'','57',5,'HU-0279LF-47802-09B-B0SV',NULL,NULL,'',NULL,'',NULL,240,'2017-10-25 10:26:11','2017-10-25 10:26:11',1,NULL,5,0,NULL,0,0,0,NULL,NULL,NULL,NULL,NULL,1,NULL,NULL,NULL,NULL),(6,'','73',6,'',NULL,NULL,'',NULL,'',NULL,240,'2017-10-25 12:00:35','2017-12-19 11:24:39',1,NULL,5,0,NULL,0,NULL,0,1,NULL,NULL,NULL,NULL,1,NULL,NULL,NULL,1),(7,'','94',7,'',NULL,NULL,'',NULL,'',NULL,240,'2017-10-25 12:04:01','2017-12-19 11:24:39',1,NULL,5,0,NULL,0,0,0,1,NULL,NULL,NULL,NULL,1,NULL,NULL,NULL,1),(8,'','95',8,'',NULL,NULL,'',NULL,'',NULL,240,'2017-10-25 12:05:02','2017-12-19 11:24:39',1,NULL,5,0,NULL,0,0,0,1,NULL,NULL,NULL,NULL,NULL,NULL,NULL,NULL,1),(9,'','98',9,'',NULL,NULL,'',NULL,'',NULL,240,'2017-10-25 12:07:53','2017-12-19 11:24:39',1,NULL,5,0,NULL,0,0,0,1,NULL,NULL,NULL,NULL,NULL,NULL,NULL,NULL,1),(10,'','102',11,'Q633B0ASWNU2LO',NULL,NULL,'',NULL,'',NULL,240,'2017-10-25 12:10:15','2017-12-19 11:24:39',1,NULL,5,0,NULL,0,0,0,1,NULL,NULL,NULL,NULL,1,NULL,NULL,NULL,1),(11,'','107',12,'021701001046',NULL,NULL,'',NULL,'MAC 00-08-DA-00-39-DB',NULL,240,'2017-10-25 12:20:56','2017-12-19 11:24:39',1,NULL,5,0,NULL,0,0,0,1,NULL,NULL,NULL,NULL,1,NULL,NULL,NULL,1),(12,'','109',12,'021701000947',NULL,NULL,'',NULL,'MAC 00-08-DA-00-39-25',NULL,240,'2017-10-25 12:27:09','2017-12-19 11:24:39',1,NULL,5,0,NULL,0,0,0,1,NULL,NULL,NULL,NULL,1,NULL,NULL,NULL,1),(13,'','110',12,'021701000971',NULL,NULL,'',NULL,'MAC 00-08-DA-00-33-A9',NULL,240,'2017-10-25 12:28:15','2017-10-25 12:28:15',1,NULL,5,0,NULL,0,0,0,NULL,NULL,NULL,NULL,NULL,1,NULL,NULL,NULL,NULL),(14,'','121',12,'021701000806',NULL,NULL,'',NULL,'MAC 00-08-DA-00-38-4F',NULL,240,'2017-10-25 12:31:20','2017-10-25 12:31:20',1,NULL,5,0,NULL,0,0,0,NULL,NULL,NULL,NULL,NULL,1,NULL,NULL,NULL,NULL),(15,'','132',12,'030301017415',NULL,NULL,'',NULL,'MAC 00-08-DA-00-88-0F',NULL,240,'2017-10-25 12:32:25','2017-10-25 12:32:25',1,NULL,5,0,NULL,0,0,0,NULL,NULL,NULL,NULL,NULL,1,NULL,NULL,NULL,NULL),(16,'','159',13,'GH19HJDW801990A',NULL,NULL,'',NULL,'',NULL,240,'2017-10-25 12:34:19','2017-12-19 11:24:39',1,NULL,5,0,NULL,0,0,0,1,NULL,NULL,NULL,NULL,1,NULL,NULL,NULL,1),(17,'','161',14,'99L83727GE34300787TAB7GE T',NULL,NULL,'',NULL,'',NULL,240,'2017-10-25 12:35:55','2017-12-19 11:24:39',1,NULL,5,0,NULL,0,0,0,1,NULL,NULL,NULL,NULL,1,NULL,NULL,NULL,1),(18,'','163',14,'99L83727GE34301861TAB7GE T',NULL,NULL,'',NULL,'',NULL,240,'2017-10-25 12:37:03','2017-10-25 12:37:03',1,NULL,5,0,NULL,0,2,0,NULL,NULL,NULL,NULL,NULL,1,NULL,NULL,NULL,NULL),(19,'','165',16,'FOC0736Z1VN',NULL,NULL,'',NULL,'',NULL,240,'2017-10-25 12:39:58','2017-12-19 11:24:39',1,NULL,5,0,NULL,0,2,0,1,NULL,NULL,NULL,NULL,1,NULL,NULL,NULL,1),(20,'','166',16,'FOC0736Z06F',NULL,NULL,'',NULL,'',NULL,240,'2017-10-25 12:41:07','2017-12-19 11:24:39',1,NULL,5,0,NULL,0,2,0,1,NULL,NULL,NULL,NULL,NULL,NULL,NULL,NULL,1),(21,'','171',17,'',NULL,NULL,'',NULL,'',NULL,240,'2017-10-25 12:43:07','2017-12-19 11:24:39',1,NULL,5,0,NULL,0,0,0,1,NULL,NULL,NULL,NULL,1,NULL,NULL,NULL,1),(22,'','172',18,'KDWZ9CD',NULL,NULL,'',NULL,'',NULL,240,'2017-10-25 12:46:03','2017-12-19 11:24:39',1,NULL,5,0,NULL,0,2,0,1,NULL,NULL,NULL,NULL,1,NULL,NULL,NULL,1),(23,'','183',19,'',NULL,NULL,'',NULL,'',NULL,240,'2017-10-25 12:49:03','2017-12-19 11:24:39',1,NULL,5,0,NULL,0,0,0,1,NULL,NULL,NULL,NULL,1,NULL,NULL,NULL,1),(24,'','186',20,'7H034700788',NULL,NULL,'',NULL,'',NULL,240,'2017-10-25 12:50:55','2017-10-25 12:50:55',1,NULL,5,0,NULL,0,5,0,NULL,NULL,NULL,NULL,NULL,1,NULL,NULL,NULL,NULL),(25,'','201',21,'66DD207',NULL,NULL,'',NULL,'',NULL,240,'2017-10-25 12:53:20','2017-12-19 11:24:39',1,NULL,5,0,NULL,0,5,0,1,NULL,NULL,NULL,NULL,1,NULL,NULL,NULL,1),(26,'','202',21,'66DD204',NULL,NULL,'',NULL,'',NULL,240,'2017-10-25 12:54:20','2017-12-19 11:24:39',1,NULL,5,0,NULL,0,5,0,1,NULL,NULL,NULL,NULL,1,NULL,NULL,NULL,1),(27,'','210',22,'CZC5141C04',NULL,NULL,'',NULL,'',NULL,240,'2017-10-25 12:56:57','2017-12-19 11:24:39',1,NULL,5,0,NULL,0,2,0,1,NULL,NULL,NULL,NULL,1,NULL,NULL,NULL,1),(28,'','211',23,'GS17HMEY202855K',NULL,NULL,'',NULL,'',NULL,240,'2017-10-25 12:58:25','2017-12-19 11:24:39',1,NULL,5,0,NULL,0,2,0,1,NULL,NULL,NULL,NULL,1,NULL,NULL,NULL,1),(29,'','212',22,'CZC5141BZW',NULL,NULL,'',NULL,'',NULL,240,'2017-10-25 13:01:33','2017-12-19 11:24:39',1,NULL,5,0,NULL,0,2,0,1,NULL,NULL,NULL,NULL,1,NULL,NULL,NULL,1),(30,'','213',23,'GS17HMEY133613N213',NULL,NULL,'',NULL,'',NULL,240,'2017-10-25 13:03:00','2017-12-19 11:24:39',1,NULL,5,0,NULL,0,2,0,1,NULL,NULL,NULL,NULL,1,NULL,NULL,NULL,1),(31,'','219',24,'X5047050W',NULL,NULL,'',NULL,'',NULL,240,'2017-10-25 13:05:21','2017-12-19 11:24:39',1,NULL,5,0,NULL,0,2,0,1,NULL,NULL,NULL,NULL,1,NULL,NULL,NULL,1),(32,'','220',25,'X5047043W',NULL,NULL,'',NULL,'',NULL,240,'2017-10-25 13:06:47','2017-12-19 11:24:39',1,NULL,5,0,NULL,0,2,0,1,NULL,NULL,NULL,NULL,1,NULL,NULL,NULL,1),(33,'','225',22,'CZC5431501',NULL,NULL,'',NULL,'',NULL,240,'2017-10-25 13:07:55','2017-12-19 11:24:39',1,NULL,5,0,NULL,0,2,0,1,NULL,NULL,NULL,NULL,1,NULL,NULL,NULL,1),(34,'','226',22,'CZC543150D',NULL,NULL,'',NULL,'',NULL,240,'2017-10-25 13:08:56','2017-12-19 11:24:39',1,NULL,5,0,NULL,0,2,0,1,NULL,NULL,NULL,NULL,1,NULL,NULL,NULL,1),(35,'','227',26,'KDBKGP7',NULL,NULL,'',NULL,'',NULL,240,'2017-10-25 13:10:18','2017-12-19 11:24:39',1,NULL,5,0,NULL,0,2,0,1,NULL,NULL,NULL,NULL,1,NULL,NULL,NULL,1),(36,'','234',27,'',NULL,NULL,'',NULL,'',NULL,240,'2017-10-25 13:12:24','2017-12-19 11:24:39',1,NULL,5,0,NULL,0,0,0,1,NULL,NULL,NULL,NULL,1,NULL,NULL,NULL,1),(37,'','237',28,'86133166Q',NULL,NULL,'',NULL,'',NULL,240,'2017-10-25 13:14:20','2017-12-19 11:24:39',1,NULL,5,0,NULL,0,2,0,1,NULL,NULL,NULL,NULL,1,NULL,NULL,NULL,1),(38,'','238',29,'S76051516H',NULL,NULL,'',NULL,'',NULL,240,'2017-10-25 13:15:47','2017-12-19 11:24:39',1,NULL,5,0,NULL,0,0,0,1,NULL,NULL,NULL,NULL,NULL,NULL,NULL,NULL,1),(39,'','251',30,'',NULL,NULL,'',NULL,'',NULL,240,'2017-10-25 13:17:30','2017-12-19 11:24:39',1,NULL,5,0,NULL,0,2,0,1,NULL,NULL,NULL,NULL,1,NULL,NULL,NULL,1),(40,'','252',31,'0200/YK1W7F0175522',NULL,NULL,'',NULL,'',NULL,240,'2017-10-25 13:20:47','2017-12-19 11:24:39',1,NULL,5,0,NULL,0,2,0,1,NULL,NULL,NULL,NULL,1,NULL,NULL,NULL,1),(41,'','253',32,'',NULL,NULL,'',NULL,'',NULL,240,'2017-10-25 13:28:13','2017-12-19 11:24:39',1,NULL,5,0,NULL,0,2,0,1,NULL,NULL,NULL,NULL,1,NULL,NULL,NULL,1),(42,'','258',33,'KDZALG3',NULL,NULL,'',NULL,'',NULL,240,'2017-10-25 13:29:36','2017-12-19 11:24:39',1,NULL,5,0,NULL,0,2,0,1,NULL,NULL,NULL,NULL,1,NULL,NULL,NULL,1),(43,'','259',33,'KDYZCL2',NULL,NULL,'',NULL,'',NULL,240,'2017-10-25 13:30:54','2017-12-19 11:24:39',1,NULL,5,0,NULL,0,2,0,1,NULL,NULL,NULL,NULL,1,NULL,NULL,NULL,1),(44,'','260',34,'FCZ1047Z10N',NULL,NULL,'',NULL,'(MAC 0019AAAB7034)',NULL,240,'2017-10-25 13:33:12','2017-12-19 11:24:39',1,NULL,5,0,NULL,0,2,0,2,NULL,NULL,NULL,NULL,1,NULL,NULL,NULL,2),(45,'','261',34,'FCZ1047Z102',NULL,NULL,'',NULL,'(MAC 0019AAAB701A)',NULL,240,'2017-10-25 13:34:33','2017-12-19 11:24:39',1,NULL,5,0,NULL,0,2,0,2,NULL,NULL,NULL,NULL,1,NULL,NULL,NULL,2),(46,'','262',35,'CNHXH89171',NULL,NULL,'',NULL,'',NULL,240,'2017-10-25 13:37:07','2017-12-19 11:24:39',1,NULL,5,0,NULL,0,2,0,1,NULL,NULL,NULL,NULL,1,NULL,NULL,NULL,1),(47,'','266',36,'WS-C2960G-24TC-L V02',NULL,NULL,'',NULL,'',NULL,240,'2017-10-25 13:38:39','2017-12-19 11:24:39',1,NULL,5,0,NULL,0,2,0,1,NULL,NULL,NULL,NULL,1,NULL,NULL,NULL,1),(48,'','267',37,'62504000410',NULL,NULL,'',NULL,'MAC 00-08-DA-57-04-CB',NULL,240,'2017-10-25 13:41:58','2017-12-19 11:24:39',1,NULL,5,0,NULL,0,2,0,1,NULL,NULL,NULL,NULL,1,NULL,NULL,NULL,1),(49,'','268',38,'NP2000-56201',NULL,NULL,'',NULL,'',NULL,240,'2017-10-25 13:43:26','2017-12-19 11:24:39',1,NULL,5,0,NULL,0,2,0,1,NULL,NULL,NULL,NULL,1,NULL,NULL,NULL,1),(50,'','269',39,'S27064720H',NULL,NULL,'',NULL,'',NULL,240,'2017-10-25 13:45:41','2017-12-19 11:24:39',1,NULL,5,0,NULL,0,2,0,1,NULL,NULL,NULL,NULL,1,NULL,NULL,NULL,1),(51,'','275',40,'4706106052 - SW GJTA4-75ADD',NULL,NULL,'',NULL,'',NULL,240,'2017-10-25 13:50:22','2017-10-25 13:50:22',1,NULL,5,0,NULL,0,7,0,NULL,NULL,NULL,NULL,NULL,1,NULL,NULL,NULL,NULL),(52,'','277',41,'5006066003 - SW G86K7-U5EZ2',NULL,NULL,'',NULL,'',NULL,240,'2017-10-25 13:51:48','2017-12-19 11:24:39',1,NULL,5,0,NULL,0,7,0,1,NULL,NULL,NULL,NULL,1,NULL,NULL,NULL,1),(53,'','278',41,'5006066138 - SW GLEKG-X5YG3',NULL,NULL,'',NULL,'',NULL,240,'2017-10-25 13:53:27','2017-12-19 11:24:39',1,NULL,5,0,NULL,0,7,0,1,NULL,NULL,NULL,NULL,1,NULL,NULL,NULL,1),(54,'','281',42,'87344516K',NULL,NULL,'',NULL,'',NULL,240,'2017-10-25 13:55:26','2017-12-19 11:24:39',1,NULL,5,0,NULL,0,2,0,1,NULL,NULL,NULL,NULL,1,NULL,NULL,NULL,1),(55,'','282',43,'708UXLS6Y792',NULL,NULL,'',NULL,'',NULL,240,'2017-10-25 13:58:00','2017-12-19 11:24:39',1,NULL,5,0,NULL,0,2,0,1,NULL,NULL,NULL,NULL,1,NULL,NULL,NULL,1),(56,'','283',35,'CNHXC99426',NULL,NULL,'',NULL,'',NULL,240,'2017-10-25 13:59:18','2017-12-19 11:24:39',1,NULL,5,0,NULL,0,2,0,1,NULL,NULL,NULL,NULL,1,NULL,NULL,NULL,1),(57,'','284',44,'CZC7400BX2',NULL,NULL,'',NULL,'',NULL,240,'2017-10-25 14:02:31','2017-12-19 11:24:39',1,NULL,5,0,NULL,0,2,0,1,NULL,NULL,NULL,NULL,1,NULL,NULL,NULL,1),(58,'','285',45,'CZC7400BX4',NULL,NULL,'',NULL,'',NULL,240,'2017-10-25 14:04:24','2017-12-19 11:24:39',1,NULL,5,0,NULL,0,2,0,1,NULL,NULL,NULL,NULL,1,NULL,NULL,NULL,1),(59,'','288',43,'708UXDM6Y650',NULL,NULL,'',NULL,'',NULL,240,'2017-10-25 14:06:14','2017-12-19 11:24:39',1,NULL,5,0,NULL,0,2,0,1,NULL,NULL,NULL,NULL,1,NULL,NULL,NULL,1),(60,'','289',46,'CAT0825Z1Y2',NULL,NULL,'',NULL,'',NULL,240,'2017-10-25 14:07:55','2017-12-19 11:24:39',1,NULL,5,0,NULL,0,2,0,1,NULL,NULL,NULL,NULL,1,NULL,NULL,NULL,1),(61,'','290',47,'FHK085130R4',NULL,NULL,'',NULL,'',NULL,240,'2017-10-25 14:09:47','2017-12-19 11:24:39',1,NULL,5,0,NULL,0,2,0,1,NULL,NULL,NULL,NULL,1,NULL,NULL,NULL,1),(62,'','291',48,'7HP7J61',NULL,NULL,'',NULL,'',NULL,240,'2017-10-25 14:11:10','2017-12-19 11:24:39',1,NULL,5,0,NULL,0,2,0,1,NULL,NULL,NULL,NULL,1,NULL,NULL,NULL,1),(63,'','292',49,'AB/9XRQ8V000E786',NULL,NULL,'',NULL,'',NULL,240,'2017-10-25 14:12:32','2017-12-19 11:24:39',1,NULL,5,0,NULL,0,2,0,1,NULL,NULL,NULL,NULL,1,NULL,NULL,NULL,1),(64,'','293',49,'AB/9XRQ8V000E782',NULL,NULL,'',NULL,'',NULL,240,'2017-10-25 14:13:55','2017-12-19 11:24:39',1,NULL,5,0,NULL,0,2,0,1,NULL,NULL,NULL,NULL,1,NULL,NULL,NULL,1),(65,'','294',50,'Y7198431K',NULL,NULL,'',NULL,'',NULL,240,'2017-10-25 14:16:42','2017-12-19 11:24:39',1,NULL,5,0,NULL,0,2,0,1,NULL,NULL,NULL,NULL,1,NULL,NULL,NULL,1),(66,'','296',51,'2007200CC0055P',NULL,NULL,'',NULL,'',NULL,240,'2017-10-25 14:18:24','2017-12-19 11:24:39',1,NULL,5,0,NULL,0,8,0,1,NULL,NULL,NULL,NULL,NULL,NULL,NULL,NULL,1),(67,'','297',52,'FCZ0947Z1N2',NULL,NULL,'',NULL,' (MAC 0015f97e0ef2)',NULL,240,'2017-10-25 14:20:17','2017-12-19 11:24:39',1,NULL,5,0,NULL,0,0,0,1,NULL,NULL,NULL,NULL,NULL,NULL,NULL,NULL,1),(68,'','298',52,'FCZ0947Z1MX',NULL,NULL,'',NULL,'(MAC 0015f97eoefa)',NULL,240,'2017-10-25 14:22:07','2017-12-19 11:24:39',1,NULL,5,0,NULL,0,2,0,1,NULL,NULL,NULL,NULL,1,NULL,NULL,NULL,1),(69,'','DQM002',53,'CNU8042MN1',NULL,NULL,'',NULL,'',NULL,240,'2017-10-25 14:25:16','2017-12-19 11:24:39',1,NULL,5,0,NULL,0,2,0,1,NULL,NULL,NULL,NULL,1,NULL,NULL,NULL,1),(70,'','299',54,'Z7151308K',NULL,NULL,'',NULL,'',NULL,240,'2017-10-25 14:27:33','2017-12-19 11:24:39',1,NULL,5,0,NULL,0,2,0,1,NULL,NULL,NULL,NULL,1,NULL,NULL,NULL,1),(71,'','300',55,'CNU8102W37',NULL,NULL,'',NULL,'',NULL,240,'2017-10-25 14:29:14','2017-12-19 11:24:39',1,NULL,5,0,NULL,0,2,0,1,NULL,NULL,NULL,NULL,1,NULL,NULL,NULL,1),(72,'','301',55,'CNU810307S',NULL,NULL,'',NULL,'',NULL,240,'2017-10-25 14:30:20','2017-12-19 11:24:39',1,NULL,5,0,NULL,0,2,0,1,NULL,NULL,NULL,NULL,1,NULL,NULL,NULL,1),(73,'','302',55,'CNU810310T',NULL,NULL,'',NULL,'',NULL,240,'2017-10-25 14:31:44','2017-12-19 11:24:39',1,NULL,5,0,NULL,0,2,0,1,NULL,NULL,NULL,NULL,1,NULL,NULL,NULL,1),(74,'','305',55,'CNU8102HQ4',NULL,NULL,'',NULL,'',NULL,240,'2017-10-25 14:32:58','2017-12-19 11:24:39',1,NULL,5,0,NULL,0,2,0,1,NULL,NULL,NULL,NULL,1,NULL,NULL,NULL,1),(75,'','306',55,'SCNU8102Z40',NULL,NULL,'',NULL,'',NULL,240,'2017-10-25 14:34:02','2017-12-19 11:24:39',1,NULL,5,0,NULL,0,2,0,1,NULL,NULL,NULL,NULL,1,NULL,NULL,NULL,1),(76,'','307',56,'AB/9XRQ9L001862F',NULL,NULL,'',NULL,'',NULL,240,'2017-10-25 14:40:46','2017-12-19 11:24:39',1,NULL,1,0,NULL,0,2,0,1,NULL,NULL,NULL,NULL,1,NULL,NULL,NULL,1),(77,'','308',56,'AB/9XRQ9L0018631',NULL,NULL,'',NULL,'',NULL,240,'2017-10-25 14:41:52','2017-12-19 11:24:39',1,NULL,5,0,NULL,0,2,0,1,NULL,NULL,NULL,NULL,1,NULL,NULL,NULL,1),(78,'','309',57,'CNU8102HJ2',NULL,NULL,'',NULL,'',NULL,240,'2017-10-25 14:43:56','2017-12-19 11:24:39',1,NULL,5,0,NULL,0,2,0,1,NULL,NULL,NULL,NULL,1,NULL,NULL,NULL,1),(79,'','310',58,'CZC7400BX5',NULL,NULL,'',NULL,'',NULL,240,'2017-10-25 14:45:18','2017-12-19 11:24:39',1,NULL,5,0,NULL,0,2,0,1,NULL,NULL,NULL,NULL,1,NULL,NULL,NULL,1),(80,'','312',59,'708UXMT6Y627',NULL,NULL,'',NULL,'',NULL,240,'2017-10-25 14:47:59','2017-12-19 11:24:39',1,NULL,5,0,NULL,0,2,0,1,NULL,NULL,NULL,NULL,1,NULL,NULL,NULL,1),(81,'','313',60,'WXE908AJ8866',NULL,NULL,'',225,'',NULL,240,'2017-10-25 14:50:04','2017-12-19 11:24:39',1,NULL,5,0,NULL,0,2,0,1,NULL,NULL,'2017-10-25 16:50:04',NULL,1,'App\\Models\\User',NULL,NULL,1),(82,'','314',61,'YKGU013465',NULL,NULL,'',NULL,'',NULL,240,'2017-10-25 14:51:27','2017-12-19 11:24:39',1,NULL,5,0,NULL,0,2,0,1,NULL,NULL,NULL,NULL,1,NULL,NULL,NULL,1),(83,'','316',61,'2GEVGDCK',NULL,NULL,'',NULL,'',NULL,240,'2017-10-25 14:52:54','2017-12-19 11:24:39',1,NULL,5,0,NULL,0,2,0,1,NULL,NULL,NULL,NULL,1,NULL,NULL,NULL,1),(84,'','320',62,'2GEVGDCK',NULL,NULL,'',NULL,'',NULL,240,'2017-10-25 14:54:16','2017-12-19 11:24:39',1,NULL,5,0,NULL,0,2,0,1,NULL,NULL,NULL,NULL,1,NULL,NULL,NULL,1),(85,'','322',63,'SCNU9085TDY',NULL,NULL,'',NULL,'',NULL,240,'2017-10-25 14:56:07','2017-12-19 11:24:39',1,NULL,5,0,NULL,0,2,0,1,NULL,NULL,NULL,NULL,1,NULL,NULL,NULL,1),(86,'','323',64,'',NULL,NULL,'',NULL,'',NULL,240,'2017-10-25 15:00:49','2017-12-19 11:24:39',1,NULL,5,0,NULL,0,2,0,1,NULL,NULL,NULL,NULL,1,NULL,NULL,NULL,1),(87,'','326',65,'986WG4J',NULL,NULL,'',NULL,'',NULL,240,'2017-10-25 15:03:45','2017-12-19 11:24:39',1,NULL,1,0,NULL,0,2,0,1,NULL,NULL,NULL,NULL,1,NULL,NULL,NULL,1),(88,'','327',65,'886WG4J',NULL,NULL,'',225,'',NULL,240,'2017-10-25 15:07:42','2017-12-19 11:24:39',1,NULL,5,0,NULL,0,2,0,1,NULL,NULL,'2017-10-25 17:07:42',NULL,1,'App\\Models\\User',NULL,NULL,1),(89,'','328',65,'5CHVH4J',NULL,NULL,'',225,'',NULL,240,'2017-10-25 15:08:34','2017-12-19 11:24:39',1,NULL,5,0,NULL,0,2,0,1,NULL,NULL,'2017-10-25 17:08:34',NULL,1,'App\\Models\\User',NULL,NULL,1),(90,'','329',66,'',NULL,NULL,'',NULL,'',NULL,240,'2017-10-25 15:12:31','2017-12-19 11:24:39',1,NULL,5,0,NULL,0,2,0,1,NULL,NULL,NULL,NULL,1,NULL,NULL,NULL,1),(91,'','330',67,'SCZC9442RWD',NULL,NULL,'',NULL,'',NULL,240,'2017-10-25 15:15:10','2017-12-19 11:24:39',1,NULL,5,0,NULL,0,2,0,1,NULL,NULL,NULL,NULL,NULL,NULL,NULL,NULL,1),(92,'','331',67,'SCZC9442RTD',NULL,NULL,'',NULL,'',NULL,240,'2017-10-25 15:16:32','2017-12-19 11:24:39',1,NULL,5,0,NULL,0,2,0,1,NULL,NULL,NULL,NULL,1,NULL,NULL,NULL,1),(93,'','332',68,'SCNU001440L',NULL,NULL,'',NULL,'[ACA, 15/10/2015] usato come SERIAL Console per CADANTELLI FW ',NULL,240,'2017-10-25 15:18:59','2017-12-19 11:24:39',1,NULL,5,0,NULL,0,2,0,2,NULL,NULL,NULL,NULL,NULL,NULL,NULL,NULL,2),(94,'','333',69,'911NDKD6D101',NULL,NULL,'',NULL,'',NULL,240,'2017-10-25 15:22:41','2017-12-19 11:24:39',1,NULL,5,0,NULL,0,2,0,1,NULL,NULL,NULL,NULL,1,NULL,NULL,NULL,1),(95,'','334',70,'',NULL,NULL,'',NULL,'',NULL,240,'2017-10-25 15:24:53','2017-12-19 11:24:39',1,NULL,5,0,NULL,0,0,0,1,NULL,NULL,NULL,NULL,1,NULL,NULL,NULL,1),(96,'','335',71,'E320SABT73T00439',NULL,NULL,'',217,'',NULL,240,'2017-10-25 15:26:42','2017-12-19 11:24:39',1,NULL,5,0,NULL,0,2,0,2,NULL,NULL,'2017-10-25 17:26:42',NULL,1,'App\\Models\\User',NULL,NULL,2),(97,'','336',72,'96301DS',NULL,NULL,'',NULL,'',NULL,240,'2017-10-25 15:29:29','2017-12-19 11:24:39',1,NULL,5,0,NULL,0,0,0,1,NULL,NULL,NULL,NULL,1,NULL,NULL,NULL,1),(98,'','337',73,'0004C101101',NULL,NULL,'',NULL,'',NULL,240,'2017-10-25 15:32:46','2017-12-19 11:24:39',1,NULL,5,0,NULL,0,0,0,1,NULL,NULL,NULL,NULL,1,NULL,NULL,NULL,1),(99,'','340',74,'912TPTM15289',NULL,NULL,'',NULL,'Segreteria',NULL,240,'2017-10-25 15:34:06','2017-12-19 11:24:39',1,NULL,5,0,NULL,0,2,0,1,NULL,NULL,NULL,NULL,1,NULL,NULL,NULL,1),(100,'','341',75,'',NULL,NULL,'',NULL,'[LBA, 28/02/2017] Da MMA',NULL,240,'2017-10-25 15:37:42','2017-12-19 11:24:39',1,NULL,5,0,NULL,0,2,0,1,NULL,NULL,NULL,NULL,1,NULL,NULL,NULL,1),(101,'','342',76,'SCNU0322N9M',NULL,NULL,'',NULL,'[LBA, 25/08/2016] Usato da SPA per test di cifratura',NULL,240,'2017-10-25 15:39:35','2017-12-19 11:24:39',1,NULL,5,0,NULL,0,2,0,1,NULL,NULL,NULL,NULL,1,NULL,NULL,NULL,1),(102,'','344',77,'S2CE0320C3G',NULL,NULL,'',NULL,'[LBA, 01/02/2016] Usato da MMA come macchina Linux - non in dominio - LCD Guasto',NULL,240,'2017-10-25 15:41:16','2017-12-19 11:24:39',1,NULL,5,0,NULL,0,0,0,1,NULL,NULL,NULL,NULL,1,NULL,NULL,NULL,1),(103,'','345',78,'CNU0374JV9',NULL,NULL,'',NULL,'Giorgio Sale',NULL,240,'2017-10-25 15:45:24','2017-12-19 11:24:39',1,NULL,5,0,NULL,0,2,0,2,NULL,NULL,NULL,NULL,1,NULL,NULL,NULL,2),(104,'','347',79,'SCNU04011BD',NULL,NULL,'',NULL,'',NULL,240,'2017-10-25 15:48:58','2017-12-19 11:24:39',1,NULL,5,0,NULL,0,2,0,1,NULL,NULL,NULL,NULL,1,NULL,NULL,NULL,1),(105,'','348',80,'S0150002542',NULL,NULL,'',NULL,'',NULL,240,'2017-10-25 15:51:10','2017-12-19 11:24:39',1,NULL,5,0,NULL,0,2,0,1,NULL,NULL,NULL,NULL,1,NULL,NULL,NULL,1),(106,'','350',81,'011MAZVKU813',NULL,NULL,'',NULL,'Videoconf. Padova',NULL,240,'2017-10-25 15:53:57','2017-12-19 11:24:39',1,NULL,5,0,NULL,0,2,0,1,NULL,NULL,NULL,NULL,1,NULL,NULL,NULL,1),(107,'','351',83,'8210360CF78CCP (07NS50374)',NULL,NULL,'',NULL,'',NULL,240,'2017-10-27 08:54:52','2017-12-19 11:24:39',1,NULL,5,0,NULL,0,0,0,1,NULL,NULL,NULL,NULL,1,NULL,NULL,NULL,1),(108,'','352',83,'8210360CF784CP (07NS50375)',NULL,NULL,'',NULL,'',NULL,240,'2017-10-27 08:57:02','2017-12-19 11:24:39',1,NULL,5,0,NULL,0,9,0,2,NULL,NULL,NULL,NULL,1,NULL,NULL,NULL,2);
/*!40000 ALTER TABLE `assets` ENABLE KEYS */;
UNLOCK TABLES;
DROP TABLE IF EXISTS `categories`;
/*!40101 SET @saved_cs_client     = @@character_set_client */;
/*!40101 SET character_set_client = utf8 */;
CREATE TABLE `categories` (
  `id` int(10) unsigned NOT NULL AUTO_INCREMENT,
  `name` varchar(255) COLLATE utf8_unicode_ci NOT NULL,
  `created_at` timestamp NULL DEFAULT NULL,
  `updated_at` timestamp NULL DEFAULT NULL,
  `user_id` int(11) DEFAULT NULL,
  `deleted_at` timestamp NULL DEFAULT NULL,
  `eula_text` longtext COLLATE utf8_unicode_ci,
  `use_default_eula` tinyint(1) NOT NULL DEFAULT '0',
  `require_acceptance` tinyint(1) NOT NULL DEFAULT '0',
  `category_type` varchar(255) COLLATE utf8_unicode_ci DEFAULT 'asset',
  `checkin_email` tinyint(1) NOT NULL DEFAULT '0',
  `image` varchar(191) COLLATE utf8_unicode_ci DEFAULT NULL,
  PRIMARY KEY (`id`)
) ENGINE=InnoDB AUTO_INCREMENT=16 DEFAULT CHARSET=utf8 COLLATE=utf8_unicode_ci;
/*!40101 SET character_set_client = @saved_cs_client */;

LOCK TABLES `categories` WRITE;
/*!40000 ALTER TABLE `categories` DISABLE KEYS */;
INSERT INTO `categories` VALUES (1,'Notebook','2016-12-09 08:47:39','2017-10-19 12:28:27',1,NULL,'',0,0,'asset',1,NULL),(2,'Switch','2017-10-25 09:04:43','2017-10-25 10:09:06',240,NULL,'',0,0,'asset',0,NULL),(3,'HUB','2017-10-25 09:05:17','2017-10-25 10:09:16',240,NULL,'',0,0,'asset',0,NULL),(4,'S-Box','2017-10-25 09:06:10','2017-10-25 10:09:24',240,NULL,'',0,0,'asset',0,NULL),(5,'Monitor','2017-10-25 09:07:02','2017-10-25 10:09:32',240,NULL,'',0,0,'asset',0,NULL),(6,'Tower PC','2017-10-25 09:08:55','2017-10-25 10:09:39',240,NULL,'',0,0,'asset',0,NULL),(7,'Proiettore','2017-10-25 12:06:51','2017-10-25 12:06:51',240,NULL,'',0,0,'asset',0,NULL),(8,'Stampante','2017-10-25 13:35:56','2017-10-25 13:35:56',240,NULL,'',0,0,'asset',0,NULL),(9,'VPN','2017-10-25 13:40:01','2017-10-25 13:40:01',240,NULL,'',0,0,'asset',0,NULL),(10,'Apparato Rete','2017-10-25 13:49:18','2017-10-25 13:49:18',240,NULL,'',0,0,'asset',0,NULL),(11,'PC Desktop','2017-10-25 14:00:53','2017-10-25 14:00:53',240,NULL,'',0,0,'asset',0,NULL),(12,'HDD','2017-10-25 14:48:56','2017-10-25 14:48:56',240,NULL,'',0,0,'asset',0,NULL),(13,'Server','2017-10-25 15:13:45','2017-10-25 15:13:45',240,NULL,'',0,0,'asset',0,NULL),(14,'DVD','2017-10-25 15:24:11','2017-10-25 15:24:11',240,NULL,'',0,0,'asset',0,NULL),(15,'Video Conference','2017-10-26 07:26:58','2017-10-26 07:26:58',240,NULL,'',0,0,'asset',0,NULL);
/*!40000 ALTER TABLE `categories` ENABLE KEYS */;
UNLOCK TABLES;
DROP TABLE IF EXISTS `checkout_requests`;
/*!40101 SET @saved_cs_client     = @@character_set_client */;
/*!40101 SET character_set_client = utf8 */;
CREATE TABLE `checkout_requests` (
  `id` int(10) unsigned NOT NULL AUTO_INCREMENT,
  `user_id` int(11) NOT NULL,
  `requestable_id` int(11) NOT NULL,
  `requestable_type` varchar(255) COLLATE utf8_unicode_ci NOT NULL,
  `quantity` int(11) NOT NULL DEFAULT '1',
  `created_at` timestamp NULL DEFAULT NULL,
  `updated_at` timestamp NULL DEFAULT NULL,
  PRIMARY KEY (`id`),
  UNIQUE KEY `checkout_requests_user_id_requestable_id_requestable_type_unique` (`user_id`,`requestable_id`,`requestable_type`)
) ENGINE=InnoDB DEFAULT CHARSET=utf8 COLLATE=utf8_unicode_ci;
/*!40101 SET character_set_client = @saved_cs_client */;

LOCK TABLES `checkout_requests` WRITE;
/*!40000 ALTER TABLE `checkout_requests` DISABLE KEYS */;
/*!40000 ALTER TABLE `checkout_requests` ENABLE KEYS */;
UNLOCK TABLES;
DROP TABLE IF EXISTS `companies`;
/*!40101 SET @saved_cs_client     = @@character_set_client */;
/*!40101 SET character_set_client = utf8 */;
CREATE TABLE `companies` (
  `id` int(10) unsigned NOT NULL AUTO_INCREMENT,
  `name` varchar(255) COLLATE utf8_unicode_ci NOT NULL,
  `created_at` timestamp NULL DEFAULT NULL,
  `updated_at` timestamp NULL DEFAULT NULL,
  `image` varchar(191) COLLATE utf8_unicode_ci DEFAULT NULL,
  PRIMARY KEY (`id`),
  UNIQUE KEY `companies_name_unique` (`name`)
) ENGINE=InnoDB AUTO_INCREMENT=7 DEFAULT CHARSET=utf8 COLLATE=utf8_unicode_ci;
/*!40101 SET character_set_client = @saved_cs_client */;

LOCK TABLES `companies` WRITE;
/*!40000 ALTER TABLE `companies` DISABLE KEYS */;
INSERT INTO `companies` VALUES (1,'IKS','2016-12-09 08:47:12','2016-12-09 08:47:12',NULL),(2,'System Evolution','2017-10-18 14:29:34','2017-10-18 14:29:34',NULL),(3,'Insirio','2017-10-18 14:29:46','2017-10-18 14:29:46',NULL),(4,'Kirey Services','2017-10-18 14:29:58','2017-10-18 14:29:58',NULL),(5,'Kima Services','2017-10-18 14:30:12','2017-10-18 14:30:12',NULL),(6,'Piemme','2017-10-18 14:30:21','2017-10-18 14:30:21',NULL);
/*!40000 ALTER TABLE `companies` ENABLE KEYS */;
UNLOCK TABLES;
DROP TABLE IF EXISTS `components`;
/*!40101 SET @saved_cs_client     = @@character_set_client */;
/*!40101 SET character_set_client = utf8 */;
CREATE TABLE `components` (
  `id` int(10) unsigned NOT NULL AUTO_INCREMENT,
  `name` varchar(255) COLLATE utf8_unicode_ci DEFAULT NULL,
  `category_id` int(11) DEFAULT NULL,
  `location_id` int(11) DEFAULT NULL,
  `company_id` int(11) DEFAULT NULL,
  `user_id` int(11) DEFAULT NULL,
  `qty` int(11) NOT NULL DEFAULT '1',
  `order_number` varchar(255) COLLATE utf8_unicode_ci DEFAULT NULL,
  `purchase_date` date DEFAULT NULL,
  `purchase_cost` decimal(20,2) DEFAULT NULL,
  `created_at` timestamp NULL DEFAULT NULL,
  `updated_at` timestamp NULL DEFAULT NULL,
  `deleted_at` timestamp NULL DEFAULT NULL,
  `min_amt` int(11) DEFAULT NULL,
  `serial` varchar(255) COLLATE utf8_unicode_ci DEFAULT NULL,
  `image` varchar(191) COLLATE utf8_unicode_ci DEFAULT NULL,
  PRIMARY KEY (`id`)
) ENGINE=InnoDB DEFAULT CHARSET=utf8 COLLATE=utf8_unicode_ci;
/*!40101 SET character_set_client = @saved_cs_client */;

LOCK TABLES `components` WRITE;
/*!40000 ALTER TABLE `components` DISABLE KEYS */;
/*!40000 ALTER TABLE `components` ENABLE KEYS */;
UNLOCK TABLES;
DROP TABLE IF EXISTS `components_assets`;
/*!40101 SET @saved_cs_client     = @@character_set_client */;
/*!40101 SET character_set_client = utf8 */;
CREATE TABLE `components_assets` (
  `id` int(10) unsigned NOT NULL AUTO_INCREMENT,
  `user_id` int(11) DEFAULT NULL,
  `assigned_qty` int(11) DEFAULT '1',
  `component_id` int(11) DEFAULT NULL,
  `asset_id` int(11) DEFAULT NULL,
  `created_at` timestamp NULL DEFAULT NULL,
  `updated_at` timestamp NULL DEFAULT NULL,
  PRIMARY KEY (`id`)
) ENGINE=InnoDB DEFAULT CHARSET=utf8 COLLATE=utf8_unicode_ci;
/*!40101 SET character_set_client = @saved_cs_client */;

LOCK TABLES `components_assets` WRITE;
/*!40000 ALTER TABLE `components_assets` DISABLE KEYS */;
/*!40000 ALTER TABLE `components_assets` ENABLE KEYS */;
UNLOCK TABLES;
DROP TABLE IF EXISTS `consumables`;
/*!40101 SET @saved_cs_client     = @@character_set_client */;
/*!40101 SET character_set_client = utf8 */;
CREATE TABLE `consumables` (
  `id` int(10) unsigned NOT NULL AUTO_INCREMENT,
  `name` varchar(255) COLLATE utf8_unicode_ci DEFAULT NULL,
  `category_id` int(11) DEFAULT NULL,
  `location_id` int(11) DEFAULT NULL,
  `user_id` int(11) DEFAULT NULL,
  `qty` int(11) NOT NULL DEFAULT '0',
  `requestable` tinyint(1) NOT NULL DEFAULT '0',
  `created_at` timestamp NULL DEFAULT NULL,
  `updated_at` timestamp NULL DEFAULT NULL,
  `deleted_at` timestamp NULL DEFAULT NULL,
  `purchase_date` date DEFAULT NULL,
  `purchase_cost` decimal(20,2) DEFAULT NULL,
  `order_number` varchar(255) COLLATE utf8_unicode_ci DEFAULT NULL,
  `company_id` int(10) unsigned DEFAULT NULL,
  `min_amt` int(11) DEFAULT NULL,
  `model_number` varchar(255) COLLATE utf8_unicode_ci DEFAULT NULL,
  `manufacturer_id` int(11) DEFAULT NULL,
  `item_no` varchar(255) COLLATE utf8_unicode_ci DEFAULT NULL,
  `image` varchar(191) COLLATE utf8_unicode_ci DEFAULT NULL,
  PRIMARY KEY (`id`)
) ENGINE=InnoDB DEFAULT CHARSET=utf8 COLLATE=utf8_unicode_ci;
/*!40101 SET character_set_client = @saved_cs_client */;

LOCK TABLES `consumables` WRITE;
/*!40000 ALTER TABLE `consumables` DISABLE KEYS */;
/*!40000 ALTER TABLE `consumables` ENABLE KEYS */;
UNLOCK TABLES;
DROP TABLE IF EXISTS `consumables_users`;
/*!40101 SET @saved_cs_client     = @@character_set_client */;
/*!40101 SET character_set_client = utf8 */;
CREATE TABLE `consumables_users` (
  `id` int(10) unsigned NOT NULL AUTO_INCREMENT,
  `user_id` int(11) DEFAULT NULL,
  `consumable_id` int(11) DEFAULT NULL,
  `assigned_to` int(11) DEFAULT NULL,
  `created_at` timestamp NULL DEFAULT NULL,
  `updated_at` timestamp NULL DEFAULT NULL,
  PRIMARY KEY (`id`)
) ENGINE=InnoDB DEFAULT CHARSET=utf8 COLLATE=utf8_unicode_ci;
/*!40101 SET character_set_client = @saved_cs_client */;

LOCK TABLES `consumables_users` WRITE;
/*!40000 ALTER TABLE `consumables_users` DISABLE KEYS */;
/*!40000 ALTER TABLE `consumables_users` ENABLE KEYS */;
UNLOCK TABLES;
DROP TABLE IF EXISTS `custom_field_custom_fieldset`;
/*!40101 SET @saved_cs_client     = @@character_set_client */;
/*!40101 SET character_set_client = utf8 */;
CREATE TABLE `custom_field_custom_fieldset` (
  `custom_field_id` int(11) NOT NULL,
  `custom_fieldset_id` int(11) NOT NULL,
  `order` int(11) NOT NULL,
  `required` tinyint(1) NOT NULL
) ENGINE=InnoDB DEFAULT CHARSET=utf8 COLLATE=utf8_unicode_ci;
/*!40101 SET character_set_client = @saved_cs_client */;

LOCK TABLES `custom_field_custom_fieldset` WRITE;
/*!40000 ALTER TABLE `custom_field_custom_fieldset` DISABLE KEYS */;
INSERT INTO `custom_field_custom_fieldset` VALUES (1,1,1,0);
/*!40000 ALTER TABLE `custom_field_custom_fieldset` ENABLE KEYS */;
UNLOCK TABLES;
DROP TABLE IF EXISTS `custom_fields`;
/*!40101 SET @saved_cs_client     = @@character_set_client */;
/*!40101 SET character_set_client = utf8 */;
CREATE TABLE `custom_fields` (
  `id` int(10) unsigned NOT NULL AUTO_INCREMENT,
  `name` varchar(255) COLLATE utf8_unicode_ci NOT NULL,
  `format` varchar(255) COLLATE utf8_unicode_ci NOT NULL,
  `element` varchar(255) COLLATE utf8_unicode_ci NOT NULL,
  `created_at` timestamp NULL DEFAULT NULL,
  `updated_at` timestamp NULL DEFAULT NULL,
  `user_id` int(11) DEFAULT NULL,
  `field_values` text COLLATE utf8_unicode_ci,
  `field_encrypted` tinyint(1) NOT NULL DEFAULT '0',
  `db_column` varchar(191) COLLATE utf8_unicode_ci DEFAULT NULL,
  `help_text` text COLLATE utf8_unicode_ci,
  PRIMARY KEY (`id`)
) ENGINE=InnoDB AUTO_INCREMENT=2 DEFAULT CHARSET=utf8 COLLATE=utf8_unicode_ci;
/*!40101 SET character_set_client = @saved_cs_client */;

LOCK TABLES `custom_fields` WRITE;
/*!40000 ALTER TABLE `custom_fields` DISABLE KEYS */;
INSERT INTO `custom_fields` VALUES (1,'MAC Address','regex:/^[a-fA-F0-9]{2}:[a-fA-F0-9]{2}:[a-fA-F0-9]{2}:[a-fA-F0-9]{2}:[a-fA-F0-9]{2}:[a-fA-F0-9]{2}$/','text',NULL,'2016-12-09 08:35:38',NULL,NULL,0,'_snipeit_mac_address_1',NULL);
/*!40000 ALTER TABLE `custom_fields` ENABLE KEYS */;
UNLOCK TABLES;
DROP TABLE IF EXISTS `custom_fieldsets`;
/*!40101 SET @saved_cs_client     = @@character_set_client */;
/*!40101 SET character_set_client = utf8 */;
CREATE TABLE `custom_fieldsets` (
  `id` int(10) unsigned NOT NULL AUTO_INCREMENT,
  `name` varchar(255) COLLATE utf8_unicode_ci NOT NULL,
  `created_at` timestamp NULL DEFAULT NULL,
  `updated_at` timestamp NULL DEFAULT NULL,
  `user_id` int(11) DEFAULT NULL,
  PRIMARY KEY (`id`)
) ENGINE=InnoDB AUTO_INCREMENT=2 DEFAULT CHARSET=utf8 COLLATE=utf8_unicode_ci;
/*!40101 SET character_set_client = @saved_cs_client */;

LOCK TABLES `custom_fieldsets` WRITE;
/*!40000 ALTER TABLE `custom_fieldsets` DISABLE KEYS */;
INSERT INTO `custom_fieldsets` VALUES (1,'Asset with MAC Address',NULL,NULL,NULL);
/*!40000 ALTER TABLE `custom_fieldsets` ENABLE KEYS */;
UNLOCK TABLES;
DROP TABLE IF EXISTS `departments`;
/*!40101 SET @saved_cs_client     = @@character_set_client */;
/*!40101 SET character_set_client = utf8 */;
CREATE TABLE `departments` (
  `id` int(10) unsigned NOT NULL AUTO_INCREMENT,
  `name` varchar(191) COLLATE utf8mb4_unicode_ci NOT NULL,
  `user_id` int(11) NOT NULL,
  `company_id` int(11) DEFAULT NULL,
  `location_id` int(11) DEFAULT NULL,
  `manager_id` int(11) DEFAULT NULL,
  `notes` varchar(191) COLLATE utf8mb4_unicode_ci DEFAULT NULL,
  `created_at` timestamp NULL DEFAULT NULL,
  `updated_at` timestamp NULL DEFAULT NULL,
  `deleted_at` timestamp NULL DEFAULT NULL,
  `image` varchar(191) COLLATE utf8mb4_unicode_ci DEFAULT NULL,
  PRIMARY KEY (`id`)
) ENGINE=InnoDB DEFAULT CHARSET=utf8mb4 COLLATE=utf8mb4_unicode_ci;
/*!40101 SET character_set_client = @saved_cs_client */;

LOCK TABLES `departments` WRITE;
/*!40000 ALTER TABLE `departments` DISABLE KEYS */;
/*!40000 ALTER TABLE `departments` ENABLE KEYS */;
UNLOCK TABLES;
DROP TABLE IF EXISTS `depreciations`;
/*!40101 SET @saved_cs_client     = @@character_set_client */;
/*!40101 SET character_set_client = utf8 */;
CREATE TABLE `depreciations` (
  `id` int(10) unsigned NOT NULL AUTO_INCREMENT,
  `name` varchar(255) COLLATE utf8_unicode_ci NOT NULL,
  `months` int(11) NOT NULL,
  `created_at` timestamp NULL DEFAULT NULL,
  `updated_at` timestamp NULL DEFAULT NULL,
  `user_id` int(11) DEFAULT NULL,
  PRIMARY KEY (`id`)
) ENGINE=InnoDB AUTO_INCREMENT=2 DEFAULT CHARSET=utf8 COLLATE=utf8_unicode_ci;
/*!40101 SET character_set_client = @saved_cs_client */;

LOCK TABLES `depreciations` WRITE;
/*!40000 ALTER TABLE `depreciations` DISABLE KEYS */;
INSERT INTO `depreciations` VALUES (1,'3 Years or + Old',36,'2017-11-08 17:46:03','2017-11-08 17:46:03',217);
/*!40000 ALTER TABLE `depreciations` ENABLE KEYS */;
UNLOCK TABLES;
DROP TABLE IF EXISTS `groups`;
/*!40101 SET @saved_cs_client     = @@character_set_client */;
/*!40101 SET character_set_client = utf8 */;
CREATE TABLE `groups` (
  `id` int(10) unsigned NOT NULL AUTO_INCREMENT,
  `name` varchar(255) COLLATE utf8_unicode_ci NOT NULL,
  `permissions` text COLLATE utf8_unicode_ci,
  `created_at` timestamp NULL DEFAULT NULL,
  `updated_at` timestamp NULL DEFAULT NULL,
  PRIMARY KEY (`id`)
) ENGINE=InnoDB AUTO_INCREMENT=2 DEFAULT CHARSET=utf8 COLLATE=utf8_unicode_ci;
/*!40101 SET character_set_client = @saved_cs_client */;

LOCK TABLES `groups` WRITE;
/*!40000 ALTER TABLE `groups` DISABLE KEYS */;
INSERT INTO `groups` VALUES (1,'Assets','{\"superuser\":\"0\",\"admin\":\"0\",\"reports.view\":\"0\",\"assets.view\":\"1\",\"assets.create\":\"1\",\"assets.edit\":\"1\",\"assets.delete\":\"1\",\"assets.checkin\":\"1\",\"assets.checkout\":\"1\",\"assets.view.requestable\":\"1\",\"accessories.view\":\"0\",\"accessories.create\":\"0\",\"accessories.edit\":\"0\",\"accessories.delete\":\"0\",\"accessories.checkout\":\"0\",\"accessories.checkin\":\"0\",\"consumables.view\":\"0\",\"consumables.create\":\"0\",\"consumables.edit\":\"0\",\"consumables.delete\":\"0\",\"consumables.checkout\":\"0\",\"licenses.view\":\"0\",\"licenses.create\":\"0\",\"licenses.edit\":\"0\",\"licenses.delete\":\"0\",\"licenses.checkout\":\"0\",\"licenses.keys\":\"0\",\"components.view\":\"0\",\"components.create\":\"0\",\"components.edit\":\"0\",\"components.delete\":\"0\",\"components.checkout\":\"0\",\"components.checkin\":\"0\",\"users.view\":\"0\",\"users.create\":\"0\",\"users.edit\":\"0\",\"users.delete\":\"0\",\"self.two_factor\":\"0\"}','2017-02-02 14:40:49','2017-02-02 14:40:49');
/*!40000 ALTER TABLE `groups` ENABLE KEYS */;
UNLOCK TABLES;
DROP TABLE IF EXISTS `imports`;
/*!40101 SET @saved_cs_client     = @@character_set_client */;
/*!40101 SET character_set_client = utf8 */;
CREATE TABLE `imports` (
  `id` int(10) unsigned NOT NULL AUTO_INCREMENT,
  `name` varchar(191) COLLATE utf8mb4_unicode_ci DEFAULT NULL,
  `file_path` varchar(191) COLLATE utf8mb4_unicode_ci NOT NULL,
  `filesize` int(11) NOT NULL,
  `import_type` varchar(191) COLLATE utf8mb4_unicode_ci DEFAULT NULL,
  `created_at` timestamp NULL DEFAULT NULL,
  `updated_at` timestamp NULL DEFAULT NULL,
  `header_row` text COLLATE utf8mb4_unicode_ci,
  `first_row` text COLLATE utf8mb4_unicode_ci,
  `field_map` text COLLATE utf8mb4_unicode_ci,
  PRIMARY KEY (`id`)
) ENGINE=InnoDB DEFAULT CHARSET=utf8mb4 COLLATE=utf8mb4_unicode_ci;
/*!40101 SET character_set_client = @saved_cs_client */;

LOCK TABLES `imports` WRITE;
/*!40000 ALTER TABLE `imports` DISABLE KEYS */;
/*!40000 ALTER TABLE `imports` ENABLE KEYS */;
UNLOCK TABLES;
DROP TABLE IF EXISTS `license_seats`;
/*!40101 SET @saved_cs_client     = @@character_set_client */;
/*!40101 SET character_set_client = utf8 */;
CREATE TABLE `license_seats` (
  `id` int(10) unsigned NOT NULL AUTO_INCREMENT,
  `license_id` int(11) DEFAULT NULL,
  `assigned_to` int(11) DEFAULT NULL,
  `notes` text COLLATE utf8_unicode_ci,
  `user_id` int(11) DEFAULT NULL,
  `created_at` timestamp NULL DEFAULT NULL,
  `updated_at` timestamp NULL DEFAULT NULL,
  `deleted_at` timestamp NULL DEFAULT NULL,
  `asset_id` int(11) DEFAULT NULL,
  PRIMARY KEY (`id`)
) ENGINE=InnoDB AUTO_INCREMENT=3 DEFAULT CHARSET=utf8 COLLATE=utf8_unicode_ci;
/*!40101 SET character_set_client = @saved_cs_client */;

LOCK TABLES `license_seats` WRITE;
/*!40000 ALTER TABLE `license_seats` DISABLE KEYS */;
INSERT INTO `license_seats` VALUES (1,1,178,NULL,2,'2017-02-02 14:53:09','2017-02-02 14:56:01',NULL,1),(2,1,NULL,NULL,217,'2017-10-19 10:04:19','2017-10-19 10:04:19',NULL,NULL);
/*!40000 ALTER TABLE `license_seats` ENABLE KEYS */;
UNLOCK TABLES;
DROP TABLE IF EXISTS `licenses`;
/*!40101 SET @saved_cs_client     = @@character_set_client */;
/*!40101 SET character_set_client = utf8 */;
CREATE TABLE `licenses` (
  `id` int(10) unsigned NOT NULL AUTO_INCREMENT,
  `name` varchar(255) COLLATE utf8_unicode_ci DEFAULT NULL,
  `serial` varchar(2048) COLLATE utf8_unicode_ci DEFAULT NULL,
  `purchase_date` date DEFAULT NULL,
  `purchase_cost` decimal(20,2) DEFAULT NULL,
  `order_number` varchar(50) COLLATE utf8_unicode_ci DEFAULT NULL,
  `seats` int(11) NOT NULL DEFAULT '1',
  `notes` text COLLATE utf8_unicode_ci,
  `user_id` int(11) DEFAULT NULL,
  `depreciation_id` int(11) DEFAULT NULL,
  `created_at` timestamp NULL DEFAULT NULL,
  `updated_at` timestamp NULL DEFAULT NULL,
  `deleted_at` timestamp NULL DEFAULT NULL,
  `license_name` varchar(120) COLLATE utf8_unicode_ci DEFAULT NULL,
  `license_email` varchar(255) COLLATE utf8_unicode_ci DEFAULT NULL,
  `depreciate` tinyint(1) DEFAULT NULL,
  `supplier_id` int(11) DEFAULT NULL,
  `expiration_date` date DEFAULT NULL,
  `purchase_order` varchar(255) COLLATE utf8_unicode_ci DEFAULT NULL,
  `termination_date` date DEFAULT NULL,
  `maintained` tinyint(1) DEFAULT NULL,
  `reassignable` tinyint(1) NOT NULL DEFAULT '1',
  `company_id` int(10) unsigned DEFAULT NULL,
  `manufacturer_id` int(11) DEFAULT NULL,
  PRIMARY KEY (`id`)
) ENGINE=InnoDB AUTO_INCREMENT=2 DEFAULT CHARSET=utf8 COLLATE=utf8_unicode_ci;
/*!40101 SET character_set_client = @saved_cs_client */;

LOCK TABLES `licenses` WRITE;
/*!40000 ALTER TABLE `licenses` DISABLE KEYS */;
INSERT INTO `licenses` VALUES (1,'Office 2010 Small Business','H26Q3-V6RGJ-2J2WV-2DDV9-8DTJG',NULL,NULL,'',2,'',2,0,'2017-02-02 14:53:09','2017-10-19 10:04:19',NULL,'','',NULL,NULL,NULL,'','0000-00-00',0,1,1,NULL);
/*!40000 ALTER TABLE `licenses` ENABLE KEYS */;
UNLOCK TABLES;
DROP TABLE IF EXISTS `locations`;
/*!40101 SET @saved_cs_client     = @@character_set_client */;
/*!40101 SET character_set_client = utf8 */;
CREATE TABLE `locations` (
  `id` int(10) unsigned NOT NULL AUTO_INCREMENT,
  `name` varchar(255) COLLATE utf8_unicode_ci DEFAULT NULL,
  `city` varchar(255) COLLATE utf8_unicode_ci DEFAULT NULL,
  `state` varchar(32) COLLATE utf8_unicode_ci DEFAULT NULL,
  `country` varchar(2) COLLATE utf8_unicode_ci DEFAULT NULL,
  `created_at` timestamp NULL DEFAULT NULL,
  `updated_at` timestamp NULL DEFAULT NULL,
  `user_id` int(11) DEFAULT NULL,
  `address` varchar(80) COLLATE utf8_unicode_ci DEFAULT NULL,
  `address2` varchar(80) COLLATE utf8_unicode_ci DEFAULT NULL,
  `zip` varchar(10) COLLATE utf8_unicode_ci DEFAULT NULL,
  `deleted_at` timestamp NULL DEFAULT NULL,
  `parent_id` int(11) DEFAULT NULL,
  `currency` varchar(10) COLLATE utf8_unicode_ci DEFAULT NULL,
  `ldap_ou` varchar(191) COLLATE utf8_unicode_ci DEFAULT NULL,
  `manager_id` int(11) DEFAULT NULL,
  `image` varchar(191) COLLATE utf8_unicode_ci DEFAULT NULL,
  PRIMARY KEY (`id`)
) ENGINE=InnoDB AUTO_INCREMENT=7 DEFAULT CHARSET=utf8 COLLATE=utf8_unicode_ci;
/*!40101 SET character_set_client = @saved_cs_client */;

LOCK TABLES `locations` WRITE;
/*!40000 ALTER TABLE `locations` DISABLE KEYS */;
INSERT INTO `locations` VALUES (1,'Padova','Padova','PD','IT','2016-12-09 08:49:05','2016-12-09 08:51:00',1,'C.so Stati Uniti, 14 bis','','35127',NULL,NULL,'EUR',NULL,NULL,NULL),(2,'Milano','Milano','MI','IT','2016-12-09 08:50:51','2017-10-18 14:25:56',1,'Via Benigno Crespi, 57','','20159',NULL,NULL,'EUR',NULL,NULL,NULL),(3,'Torino','Torino','IT','IT','2017-10-18 14:27:01','2017-10-18 14:27:01',217,'','','',NULL,NULL,'',NULL,NULL,NULL),(4,'Roma','Roma','IT','IT','2017-10-18 14:27:27','2017-10-18 14:27:27',217,'','','',NULL,NULL,'',NULL,NULL,NULL),(5,'Mogliano Veneto','Mogliano Veneto','IT','IT','2017-10-18 14:28:12','2017-10-18 14:28:12',217,'','','',NULL,NULL,'',NULL,NULL,NULL),(6,'Co-Location','Milano','IT','IT','2017-10-18 14:28:45','2017-10-18 14:28:58',217,'','','',NULL,2,'',NULL,NULL,NULL);
/*!40000 ALTER TABLE `locations` ENABLE KEYS */;
UNLOCK TABLES;
DROP TABLE IF EXISTS `manufacturers`;
/*!40101 SET @saved_cs_client     = @@character_set_client */;
/*!40101 SET character_set_client = utf8 */;
CREATE TABLE `manufacturers` (
  `id` int(10) unsigned NOT NULL AUTO_INCREMENT,
  `name` varchar(255) COLLATE utf8_unicode_ci NOT NULL,
  `created_at` timestamp NULL DEFAULT NULL,
  `updated_at` timestamp NULL DEFAULT NULL,
  `user_id` int(11) DEFAULT NULL,
  `deleted_at` timestamp NULL DEFAULT NULL,
  `url` varchar(191) COLLATE utf8_unicode_ci DEFAULT NULL,
  `support_url` varchar(191) COLLATE utf8_unicode_ci DEFAULT NULL,
  `support_phone` varchar(191) COLLATE utf8_unicode_ci DEFAULT NULL,
  `support_email` varchar(191) COLLATE utf8_unicode_ci DEFAULT NULL,
  `image` varchar(191) COLLATE utf8_unicode_ci DEFAULT NULL,
  PRIMARY KEY (`id`)
) ENGINE=InnoDB AUTO_INCREMENT=63 DEFAULT CHARSET=utf8 COLLATE=utf8_unicode_ci;
/*!40101 SET character_set_client = @saved_cs_client */;

LOCK TABLES `manufacturers` WRITE;
/*!40000 ALTER TABLE `manufacturers` DISABLE KEYS */;
INSERT INTO `manufacturers` VALUES (1,'HP','2016-12-09 08:47:57','2016-12-09 08:47:57',1,NULL,NULL,NULL,NULL,NULL,NULL),(2,'Cisco','2017-10-19 10:06:28','2017-10-19 10:06:28',217,NULL,NULL,NULL,NULL,NULL,NULL),(3,'Apple','2017-10-19 10:06:43','2017-10-19 10:06:43',217,NULL,NULL,NULL,NULL,NULL,NULL),(4,'Toshiba','2017-10-19 10:06:55','2017-10-19 10:06:55',217,NULL,NULL,NULL,NULL,NULL,NULL),(5,'Dell','2017-10-19 10:07:04','2017-10-19 10:07:04',217,NULL,NULL,NULL,NULL,NULL,NULL),(6,'Philips','2017-10-19 10:07:18','2017-10-19 10:07:18',217,NULL,NULL,NULL,NULL,NULL,NULL),(7,'NetApp','2017-10-19 10:07:29','2017-10-19 10:07:29',217,NULL,NULL,NULL,NULL,NULL,NULL),(8,'Canon','2017-10-19 10:07:58','2017-10-19 10:07:58',217,NULL,NULL,NULL,NULL,NULL,NULL),(9,'QNAP','2017-10-19 10:08:44','2017-10-19 10:08:44',217,NULL,NULL,NULL,NULL,NULL,NULL),(10,'Lenovo','2017-10-19 10:09:01','2017-10-19 10:09:01',217,NULL,NULL,NULL,NULL,NULL,NULL),(11,'Microsoft','2017-10-19 10:09:39','2017-10-19 10:09:39',217,NULL,NULL,NULL,NULL,NULL,NULL),(12,'Adobe','2017-10-19 10:09:47','2017-10-19 10:09:47',217,NULL,NULL,NULL,NULL,NULL,NULL),(13,'Trend','2017-10-19 10:10:00','2017-10-19 10:10:00',217,NULL,NULL,NULL,NULL,NULL,NULL),(14,'Symantec','2017-10-19 10:10:11','2017-10-19 10:10:11',217,NULL,NULL,NULL,NULL,NULL,NULL),(15,'VMware','2017-10-19 10:10:20','2017-10-24 15:29:11',217,NULL,NULL,NULL,NULL,NULL,NULL),(16,'Veeam','2017-10-19 10:10:39','2017-10-19 10:10:39',217,NULL,NULL,NULL,NULL,NULL,NULL),(17,'Red Hat','2017-10-19 10:11:15','2017-10-19 10:11:15',217,NULL,NULL,NULL,NULL,NULL,NULL),(18,'Mobile Iron','2017-10-19 10:11:24','2017-10-19 10:11:24',217,NULL,NULL,NULL,NULL,NULL,NULL),(19,'Zucchetti','2017-10-19 10:11:59','2017-10-19 10:11:59',217,NULL,NULL,NULL,NULL,NULL,NULL),(20,'Polycom','2017-10-19 10:16:36','2017-10-19 10:16:36',217,NULL,NULL,NULL,NULL,NULL,NULL),(21,'Samsung','2017-10-19 10:16:48','2017-10-19 10:16:48',217,NULL,NULL,NULL,NULL,NULL,NULL),(22,'Hyunday','2017-10-19 10:17:07','2017-10-19 10:17:07',217,NULL,NULL,NULL,NULL,NULL,NULL),(23,'Logitech','2017-10-19 12:00:42','2017-10-19 12:00:42',217,NULL,NULL,NULL,NULL,NULL,NULL),(24,'CentreCom','2017-10-25 09:10:16','2017-10-25 09:10:16',240,NULL,NULL,NULL,NULL,NULL,NULL),(25,'NetGear','2017-10-25 09:11:01','2017-10-25 09:11:01',240,NULL,NULL,NULL,NULL,NULL,NULL),(26,'ATI','2017-10-25 09:11:16','2017-10-25 09:11:16',240,NULL,NULL,NULL,NULL,NULL,NULL),(27,'3Com','2017-10-25 09:11:49','2017-10-25 09:11:49',240,NULL,NULL,NULL,NULL,NULL,NULL),(28,'NEC','2017-10-25 09:12:06','2017-10-25 09:12:06',240,NULL,NULL,NULL,NULL,NULL,NULL),(29,'Compaq','2017-10-25 09:12:15','2017-10-25 09:12:15',240,NULL,NULL,NULL,NULL,NULL,NULL),(30,'SofaWare','2017-10-25 09:12:41','2017-10-25 09:12:41',240,NULL,NULL,NULL,NULL,NULL,NULL),(31,'Benq','2017-10-25 09:13:42','2017-10-25 09:13:42',240,NULL,NULL,NULL,NULL,NULL,NULL),(32,'IBM','2017-10-25 09:14:05','2017-10-25 09:14:05',240,NULL,NULL,NULL,NULL,NULL,NULL),(33,'ISS','2017-10-25 09:14:12','2017-10-25 09:14:12',240,NULL,NULL,NULL,NULL,NULL,NULL),(34,'Nokia','2017-10-25 09:14:22','2017-10-25 09:14:22',240,NULL,NULL,NULL,NULL,NULL,NULL),(35,'Mcafee','2017-10-25 09:14:45','2017-10-25 09:14:45',240,NULL,NULL,NULL,NULL,NULL,NULL),(36,'Kraun','2017-10-25 09:15:01','2017-10-25 09:15:01',240,NULL,NULL,NULL,NULL,NULL,NULL),(37,'Dlink','2017-10-25 09:15:13','2017-10-25 09:15:13',240,NULL,NULL,NULL,NULL,NULL,NULL),(38,'Checkpoint','2017-10-25 09:15:33','2017-10-25 09:15:33',240,NULL,NULL,NULL,NULL,NULL,NULL),(39,'Network Physics','2017-10-25 09:15:53','2017-10-25 09:15:53',240,NULL,NULL,NULL,NULL,NULL,NULL),(40,'Blue Coat','2017-10-25 09:22:36','2017-10-25 09:22:36',240,NULL,NULL,NULL,NULL,NULL,NULL),(41,'Western Digital','2017-10-25 09:47:23','2017-10-25 09:47:23',240,NULL,NULL,NULL,NULL,NULL,NULL),(42,'Fujitsu Siemens','2017-10-25 09:48:00','2017-10-25 09:48:00',240,NULL,NULL,NULL,NULL,NULL,NULL),(43,'SeaGate','2017-10-25 09:48:15','2017-10-25 09:48:15',240,NULL,NULL,NULL,NULL,NULL,NULL),(44,'Imperva','2017-10-25 09:48:34','2017-10-25 09:48:34',240,NULL,NULL,NULL,NULL,NULL,NULL),(45,'Hyundai','2017-10-25 09:48:53','2017-10-25 09:48:53',240,NULL,NULL,NULL,NULL,NULL,NULL),(46,'RSA','2017-10-25 09:49:03','2017-10-25 09:49:03',240,NULL,NULL,NULL,NULL,NULL,NULL),(47,'Palo Alto','2017-10-25 09:49:21','2017-10-25 09:49:21',240,NULL,NULL,NULL,NULL,NULL,NULL),(48,'Qualys','2017-10-25 09:49:35','2017-10-25 09:49:35',240,NULL,NULL,NULL,NULL,NULL,NULL),(49,'Sony','2017-10-25 09:49:53','2017-10-25 09:49:53',240,NULL,NULL,NULL,NULL,NULL,NULL),(50,'Praim','2017-10-25 09:52:04','2017-10-25 09:52:04',240,NULL,NULL,NULL,NULL,NULL,NULL),(51,'Zebra','2017-10-25 09:52:24','2017-10-25 09:52:24',240,NULL,NULL,NULL,NULL,NULL,NULL),(52,'Xerox','2017-10-25 09:53:15','2017-10-25 09:53:15',240,NULL,NULL,NULL,NULL,NULL,NULL),(53,'Atlantis','2017-10-25 09:53:30','2017-10-25 09:53:30',240,NULL,NULL,NULL,NULL,NULL,NULL),(54,'LG','2017-10-25 09:54:39','2017-10-25 09:54:39',240,NULL,NULL,NULL,NULL,NULL,NULL),(55,'WD','2017-10-25 09:54:57','2017-10-25 09:54:57',240,NULL,NULL,NULL,NULL,NULL,NULL),(56,'Legrand','2017-10-25 09:55:36','2017-10-25 09:55:36',240,NULL,NULL,NULL,NULL,NULL,NULL),(57,'TP-LINK','2017-10-25 09:55:54','2017-10-25 09:55:54',240,NULL,NULL,NULL,NULL,NULL,NULL),(58,'APC','2017-10-25 09:56:14','2017-10-25 09:56:14',240,NULL,NULL,NULL,NULL,NULL,NULL),(59,'Aruba Network','2017-10-25 09:57:19','2017-10-25 09:57:19',240,NULL,NULL,NULL,NULL,NULL,NULL),(60,'Kodak','2017-10-25 09:57:40','2017-10-25 09:57:40',240,NULL,NULL,NULL,NULL,NULL,NULL),(61,'Ubiquiti','2017-10-25 10:02:22','2017-10-25 10:02:22',240,NULL,NULL,NULL,NULL,NULL,NULL),(62,'Patton','2017-10-25 10:02:51','2017-10-25 10:02:51',240,NULL,NULL,NULL,NULL,NULL,NULL);
/*!40000 ALTER TABLE `manufacturers` ENABLE KEYS */;
UNLOCK TABLES;
DROP TABLE IF EXISTS `migrations`;
/*!40101 SET @saved_cs_client     = @@character_set_client */;
/*!40101 SET character_set_client = utf8 */;
CREATE TABLE `migrations` (
  `migration` varchar(255) COLLATE utf8_unicode_ci NOT NULL,
  `batch` int(11) NOT NULL
) ENGINE=InnoDB DEFAULT CHARSET=utf8 COLLATE=utf8_unicode_ci;
/*!40101 SET character_set_client = @saved_cs_client */;

LOCK TABLES `migrations` WRITE;
/*!40000 ALTER TABLE `migrations` DISABLE KEYS */;
INSERT INTO `migrations` VALUES ('2012_12_06_225921_migration_cartalyst_sentry_install_users',1),('2012_12_06_225929_migration_cartalyst_sentry_install_groups',1),('2012_12_06_225945_migration_cartalyst_sentry_install_users_groups_pivot',1),('2012_12_06_225988_migration_cartalyst_sentry_install_throttle',1),('2013_03_23_193214_update_users_table',1),('2013_11_13_075318_create_models_table',1),('2013_11_13_075335_create_categories_table',1),('2013_11_13_075347_create_manufacturers_table',1),('2013_11_15_015858_add_user_id_to_categories',1),('2013_11_15_112701_add_user_id_to_manufacturers',1),('2013_11_15_190327_create_assets_table',1),('2013_11_15_190357_create_licenses_table',1),('2013_11_15_201848_add_license_name_to_licenses',1),('2013_11_16_040323_create_depreciations_table',1),('2013_11_16_042851_add_depreciation_id_to_models',1),('2013_11_16_084923_add_user_id_to_models',1),('2013_11_16_103258_create_locations_table',1),('2013_11_16_103336_add_location_id_to_assets',1),('2013_11_16_103407_add_checkedout_to_to_assets',1),('2013_11_16_103425_create_history_table',1),('2013_11_17_054359_drop_licenses_table',1),('2013_11_17_054526_add_physical_to_assets',1),('2013_11_17_055126_create_settings_table',1),('2013_11_17_062634_add_license_to_assets',1),('2013_11_18_134332_add_contacts_to_users',1),('2013_11_18_142847_add_info_to_locations',1),('2013_11_18_152942_remove_location_id_from_asset',1),('2013_11_18_164423_set_nullvalues_for_user',1),('2013_11_19_013337_create_asset_logs_table',1),('2013_11_19_061409_edit_added_on_asset_logs_table',1),('2013_11_19_062250_edit_location_id_asset_logs_table',1),('2013_11_20_055822_add_soft_delete_on_assets',1),('2013_11_20_121404_add_soft_delete_on_locations',1),('2013_11_20_123137_add_soft_delete_on_manufacturers',1),('2013_11_20_123725_add_soft_delete_on_categories',1),('2013_11_20_130248_create_status_labels',1),('2013_11_20_130830_add_status_id_on_assets_table',1),('2013_11_20_131544_add_status_type_on_status_labels',1),('2013_11_20_134103_add_archived_to_assets',1),('2013_11_21_002321_add_uploads_table',1),('2013_11_21_024531_remove_deployable_boolean_from_status_labels',1),('2013_11_22_075308_add_option_label_to_settings_table',1),('2013_11_22_213400_edits_to_settings_table',1),('2013_11_25_013244_create_licenses_table',1),('2013_11_25_031458_create_license_seats_table',1),('2013_11_25_032022_add_type_to_actionlog_table',1),('2013_11_25_033008_delete_bad_licenses_table',1),('2013_11_25_033131_create_new_licenses_table',1),('2013_11_25_033534_add_licensed_to_licenses_table',1),('2013_11_25_101308_add_warrantee_to_assets_table',1),('2013_11_25_104343_alter_warranty_column_on_assets',1),('2013_11_25_150450_drop_parent_from_categories',1),('2013_11_25_151920_add_depreciate_to_assets',1),('2013_11_25_152903_add_depreciate_to_licenses_table',1),('2013_11_26_211820_drop_license_from_assets_table',1),('2013_11_27_062510_add_note_to_asset_logs_table',1),('2013_12_01_113426_add_filename_to_asset_log',1),('2013_12_06_094618_add_nullable_to_licenses_table',1),('2013_12_10_084038_add_eol_on_models_table',1),('2013_12_12_055218_add_manager_to_users_table',1),('2014_01_28_031200_add_qr_code_to_settings_table',1),('2014_02_13_183016_add_qr_text_to_settings_table',1),('2014_05_24_093839_alter_default_license_depreciation_id',1),('2014_05_27_231658_alter_default_values_licenses',1),('2014_06_19_191508_add_asset_name_to_settings',1),('2014_06_20_004847_make_asset_log_checkedout_to_nullable',1),('2014_06_20_005050_make_asset_log_purchasedate_to_nullable',1),('2014_06_24_003011_add_suppliers',1),('2014_06_24_010742_add_supplier_id_to_asset',1),('2014_06_24_012839_add_zip_to_supplier',1),('2014_06_24_033908_add_url_to_supplier',1),('2014_07_08_054116_add_employee_id_to_users',1),('2014_07_09_134316_add_requestable_to_assets',1),('2014_07_17_085822_add_asset_to_software',1),('2014_07_17_161625_make_asset_id_in_logs_nullable',1),('2014_08_12_053504_alpha_0_4_2_release',1),('2014_08_17_083523_make_location_id_nullable',1),('2014_10_16_200626_add_rtd_location_to_assets',1),('2014_10_24_000417_alter_supplier_state_to_32',1),('2014_10_24_015641_add_display_checkout_date',1),('2014_10_28_222654_add_avatar_field_to_users_table',1),('2014_10_29_045924_add_image_field_to_models_table',1),('2014_11_01_214955_add_eol_display_to_settings',1),('2014_11_04_231416_update_group_field_for_reporting',1),('2014_11_05_212408_add_fields_to_licenses',1),('2014_11_07_021042_add_image_to_supplier',1),('2014_11_20_203007_add_username_to_user',1),('2014_11_20_223947_add_auto_to_settings',1),('2014_11_20_224421_add_prefix_to_settings',1),('2014_11_21_104401_change_licence_type',1),('2014_12_09_082500_add_fields_maintained_term_to_licenses',1),('2015_02_04_155757_increase_user_field_lengths',1),('2015_02_07_013537_add_soft_deleted_to_log',1),('2015_02_10_040958_fix_bad_assigned_to_ids',1),('2015_02_10_053310_migrate_data_to_new_statuses',1),('2015_02_11_044104_migrate_make_license_assigned_null',1),('2015_02_11_104406_migrate_create_requests_table',1),('2015_02_12_001312_add_mac_address_to_asset',1),('2015_02_12_024100_change_license_notes_type',1),('2015_02_17_231020_add_localonly_to_settings',1),('2015_02_19_222322_add_logo_and_colors_to_settings',1),('2015_02_24_072043_add_alerts_to_settings',1),('2015_02_25_022931_add_eula_fields',1),('2015_02_25_204513_add_accessories_table',1),('2015_02_26_091228_add_accessories_user_table',1),('2015_02_26_115128_add_deleted_at_models',1),('2015_02_26_233005_add_category_type',1),('2015_03_01_231912_update_accepted_at_to_acceptance_id',1),('2015_03_05_011929_add_qr_type_to_settings',1),('2015_03_18_055327_add_note_to_user',1),('2015_04_29_234704_add_slack_to_settings',1),('2015_05_04_085151_add_parent_id_to_locations_table',1),('2015_05_22_124421_add_reassignable_to_licenses',1),('2015_06_10_003314_fix_default_for_user_notes',1),('2015_06_10_003554_create_consumables',1),('2015_06_15_183253_move_email_to_username',1),('2015_06_23_070346_make_email_nullable',1),('2015_06_26_213716_create_asset_maintenances_table',1),('2015_07_04_212443_create_custom_fields_table',1),('2015_07_09_014359_add_currency_to_settings_and_locations',1),('2015_07_21_122022_add_expected_checkin_date_to_asset_logs',1),('2015_07_24_093845_add_checkin_email_to_category_table',1),('2015_07_25_055415_remove_email_unique_constraint',1),('2015_07_29_230054_add_thread_id_to_asset_logs_table',1),('2015_07_31_015430_add_accepted_to_assets',1),('2015_09_09_195301_add_custom_css_to_settings',1),('2015_09_21_235926_create_custom_field_custom_fieldset',1),('2015_09_22_000104_create_custom_fieldsets',1),('2015_09_22_003321_add_fieldset_id_to_assets',1),('2015_09_22_003413_migrate_mac_address',1),('2015_09_28_003314_fix_default_purchase_order',1),('2015_10_01_024551_add_accessory_consumable_price_info',1),('2015_10_12_192706_add_brand_to_settings',1),('2015_10_22_003314_fix_defaults_accessories',1),('2015_10_23_182625_add_checkout_time_and_expected_checkout_date_to_assets',1),('2015_11_05_061015_create_companies_table',1),('2015_11_05_061115_add_company_id_to_consumables_table',1),('2015_11_05_183749_image',1),('2015_11_06_092038_add_company_id_to_accessories_table',1),('2015_11_06_100045_add_company_id_to_users_table',1),('2015_11_06_134742_add_company_id_to_licenses_table',1),('2015_11_08_035832_add_company_id_to_assets_table',1),('2015_11_08_222305_add_ldap_fields_to_settings',1),('2015_11_15_151803_add_full_multiple_companies_support_to_settings_table',1),('2015_11_26_195528_import_ldap_settings',1),('2015_11_30_191504_remove_fk_company_id',1),('2015_12_21_193006_add_ldap_server_cert_ignore_to_settings_table',1),('2015_12_30_233509_add_timestamp_and_userId_to_custom_fields',1),('2015_12_30_233658_add_timestamp_and_userId_to_custom_fieldsets',1),('2016_01_28_041048_add_notes_to_models',1),('2016_02_19_070119_add_remember_token_to_users_table',1),('2016_02_19_073625_create_password_resets_table',1),('2016_03_02_193043_add_ldap_flag_to_users',1),('2016_03_02_220517_update_ldap_filter_to_longer_field',1),('2016_03_08_225351_create_components_table',1),('2016_03_09_024038_add_min_stock_to_tables',1),('2016_03_10_133849_add_locale_to_users',1),('2016_03_10_135519_add_locale_to_settings',1),('2016_03_11_185621_add_label_settings_to_settings',1),('2016_03_22_125911_fix_custom_fields_regexes',1),('2016_04_28_141554_add_show_to_users',1),('2016_05_16_164733_add_model_mfg_to_consumable',1),('2016_05_19_180351_add_alt_barcode_settings',1),('2016_05_19_191146_add_alter_interval',1),('2016_05_19_192226_add_inventory_threshold',1),('2016_05_20_024859_remove_option_keys_from_settings_table',1),('2016_05_20_143758_remove_option_value_from_settings_table',1),('2016_06_01_140218_add_email_domain_and_format_to_settings',1),('2016_06_22_160725_add_user_id_to_maintenances',1),('2016_07_13_150015_add_is_ad_to_settings',1),('2016_07_14_153609_add_ad_domain_to_settings',1),('2016_07_22_003348_fix_custom_fields_regex_stuff',1),('2016_07_22_054850_one_more_mac_addr_fix',1),('2016_07_22_143045_add_port_to_ldap_settings',1),('2016_07_22_153432_add_tls_to_ldap_settings',1),('2016_07_27_211034_add_zerofill_to_settings',1),('2016_08_02_124944_add_color_to_statuslabel',1),('2016_08_04_134500_add_disallow_ldap_pw_sync_to_settings',1),('2016_08_09_002225_add_manufacturer_to_licenses',1),('2016_08_12_121613_add_manufacturer_to_accessories_table',1),('2016_08_23_143353_add_new_fields_to_custom_fields',1),('2016_08_23_145619_add_show_in_nav_to_status_labels',1),('2016_08_30_084634_make_purchase_cost_nullable',1),('2016_09_01_141051_add_requestable_to_asset_model',1),('2016_09_02_001448_create_checkout_requests_table',1),('2016_09_04_180400_create_actionlog_table',1),('2016_09_04_182149_migrate_asset_log_to_action_log',1),('2016_09_19_235935_fix_fieldtype_for_target_type',1),('2016_09_23_140722_fix_modelno_in_consumables_to_string',1),('2016_09_28_231359_add_company_to_logs',1),('2016_10_14_130709_fix_order_number_to_varchar',1),('2016_10_16_015024_rename_modelno_to_model_number',1),('2016_10_16_015211_rename_consumable_modelno_to_model_number',1),('2016_10_16_143235_rename_model_note_to_notes',1),('2016_10_16_165052_rename_component_total_qty_to_qty',1),('2016_10_19_145520_fix_order_number_in_components_to_string',1),('2016_10_27_151715_add_serial_to_components',1),('2016_10_27_213251_increase_serial_field_capacity',1),('2016_10_29_002724_enable_2fa_fields',1),('2016_10_29_082408_add_signature_to_acceptance',1),('2016_11_01_030818_fix_forgotten_filename_in_action_logs',1),('2016_11_13_020954_rename_component_serial_number_to_serial',1),('2016_11_16_172119_increase_purchase_cost_size',1),('2016_11_17_161317_longer_state_field_in_location',1),('2016_11_17_193706_add_model_number_to_accessories',1),('2016_11_24_160405_add_missing_target_type_to_logs_table',1),('2016_06_01_000001_create_oauth_auth_codes_table',2),('2016_06_01_000002_create_oauth_access_tokens_table',2),('2016_06_01_000003_create_oauth_refresh_tokens_table',2),('2016_06_01_000004_create_oauth_clients_table',2),('2016_06_01_000005_create_oauth_personal_access_clients_table',2),('2016_12_07_173720_increase_size_of_state_in_suppliers',2),('2016_12_19_004212_adjust_locale_length_to_10',2),('2016_12_19_133936_extend_phone_lengths_in_supplier_and_elsewhere',2),('2016_12_27_212631_make_asset_assigned_to_polymorphic',2),('2017_01_09_040429_create_locations_ldap_query_field',2),('2017_01_14_002418_create_imports_table',2),('2017_01_25_063357_fix_utf8_custom_field_column_names',2),('2017_03_03_154632_add_time_date_display_to_settings',2),('2017_03_10_210807_add_fields_to_manufacturer',2),('2017_05_08_195520_increase_size_of_field_values_in_custom_fields',2),('2017_05_22_204422_create_departments',2),('2017_05_22_233509_add_manager_to_locations_table',2),('2017_06_14_122059_add_next_autoincrement_to_settings',2),('2017_06_18_151753_add_header_and_first_row_to_importer_table',2),('2017_07_07_191533_add_login_text',2),('2017_07_25_130710_add_thumbsize_to_settings',2),('2017_08_03_160105_set_asset_archived_to_zero_default',2),('2017_08_22_180636_add_secure_password_options',2),('2017_08_25_074822_add_auditing_tables',2),('2017_08_25_101435_add_auditing_to_settings',2),('2017_09_18_225619_fix_assigned_type_not_being_nulled',2),('2017_10_03_015503_drop_foreign_keys',2),('2017_10_10_123504_allow_nullable_depreciation_id_in_models',2),('2017_10_17_133709_add_display_url_to_settings',2),('2017_10_19_120002_add_custom_forgot_password_url',2),('2017_10_19_130406_add_image_and_supplier_to_accessories',2),('2017_10_20_234129_add_location_indices_to_assets',2),('2017_10_25_202930_add_images_uploads_to_locations_manufacturers_etc',2),('2017_10_27_180947_denorm_asset_locations',2),('2017_10_27_192423_migrate_denormed_asset_locations',2),('2017_10_30_182938_add_address_to_user',2),('2017_11_08_025918_add_alert_menu_setting',2),('2017_11_08_123942_labels_display_company_name',2),('2017_12_12_010457_normalize_asset_last_audit_date',2),('2017_12_12_033618_add_actionlog_meta',2);
/*!40000 ALTER TABLE `migrations` ENABLE KEYS */;
UNLOCK TABLES;
DROP TABLE IF EXISTS `models`;
/*!40101 SET @saved_cs_client     = @@character_set_client */;
/*!40101 SET character_set_client = utf8 */;
CREATE TABLE `models` (
  `id` int(10) unsigned NOT NULL AUTO_INCREMENT,
  `name` varchar(255) COLLATE utf8_unicode_ci NOT NULL,
  `model_number` varchar(255) COLLATE utf8_unicode_ci DEFAULT NULL,
  `manufacturer_id` int(11) DEFAULT NULL,
  `category_id` int(11) DEFAULT NULL,
  `created_at` timestamp NULL DEFAULT NULL,
  `updated_at` timestamp NULL DEFAULT NULL,
  `depreciation_id` int(11) DEFAULT NULL,
  `user_id` int(11) DEFAULT NULL,
  `eol` int(11) DEFAULT NULL,
  `image` varchar(255) COLLATE utf8_unicode_ci DEFAULT NULL,
  `deprecated_mac_address` tinyint(1) NOT NULL DEFAULT '0',
  `deleted_at` timestamp NULL DEFAULT NULL,
  `fieldset_id` int(11) DEFAULT NULL,
  `notes` longtext COLLATE utf8_unicode_ci,
  `requestable` tinyint(4) NOT NULL DEFAULT '0',
  PRIMARY KEY (`id`)
) ENGINE=InnoDB AUTO_INCREMENT=84 DEFAULT CHARSET=utf8 COLLATE=utf8_unicode_ci;
/*!40101 SET character_set_client = @saved_cs_client */;

LOCK TABLES `models` WRITE;
/*!40000 ALTER TABLE `models` DISABLE KEYS */;
INSERT INTO `models` VALUES (1,'Probook','',1,1,'2017-02-02 14:44:19','2017-02-02 14:44:19',NULL,2,NULL,NULL,0,NULL,NULL,'',0),(2,'Probook 4530s','',1,1,'2017-02-02 14:49:45','2017-02-02 14:49:45',NULL,2,NULL,NULL,0,NULL,NULL,'',0),(3,'EliteBook 850 G4','',1,1,'2017-07-20 08:04:53','2017-07-20 08:04:53',NULL,244,NULL,NULL,0,NULL,NULL,'',0),(4,'FS708E','',24,2,'2017-10-25 10:13:52','2017-10-25 10:13:52',NULL,240,NULL,NULL,0,NULL,NULL,'',0),(5,'E770P','',5,5,'2017-10-25 10:25:36','2017-10-25 10:25:36',NULL,240,NULL,NULL,0,NULL,NULL,'',0),(6,'EN106 6 PORTE','',25,3,'2017-10-25 12:00:09','2017-10-25 12:00:09',NULL,240,NULL,NULL,0,NULL,NULL,'',0),(7,'SWITCH','',26,2,'2017-10-25 12:03:43','2017-10-25 12:03:43',NULL,240,NULL,NULL,0,NULL,NULL,'',0),(8,'SWITCH','',27,2,'2017-10-25 12:04:49','2017-10-25 12:04:49',NULL,240,NULL,NULL,0,NULL,NULL,'',0),(9,'Proiettore','',28,7,'2017-10-25 12:07:41','2017-10-25 12:07:41',NULL,240,NULL,NULL,0,NULL,NULL,'',0),(10,'Compaq','',29,6,'2017-10-25 12:09:15','2017-10-25 12:09:15',NULL,240,NULL,NULL,0,NULL,NULL,'',0),(11,'EVO D510 EPC','',29,6,'2017-10-25 12:09:41','2017-10-25 12:09:41',NULL,240,NULL,NULL,0,NULL,NULL,'',0),(12,'SBX-133LHE-1','',30,4,'2017-10-25 12:16:47','2017-10-25 12:16:47',NULL,240,NULL,NULL,0,NULL,NULL,'',0),(13,'ST91S TFTLCD 19POLL TCO 99','',21,5,'2017-10-25 12:33:53','2017-10-25 12:33:53',NULL,240,NULL,NULL,0,NULL,NULL,'',0),(14,'Q7T3','',31,5,'2017-10-25 12:35:36','2017-10-25 12:35:36',NULL,240,NULL,NULL,0,NULL,NULL,'',0),(15,'x-switch2','',2,2,'2017-10-25 12:38:50','2017-10-25 12:38:50',NULL,240,NULL,NULL,0,NULL,NULL,'',0),(16,'Switch WS-C2950T-24','',2,2,'2017-10-25 12:39:20','2017-10-25 12:39:20',NULL,240,NULL,NULL,0,NULL,NULL,'',0),(17,'Monitor','',1,5,'2017-10-25 12:42:46','2017-10-25 12:42:46',NULL,240,NULL,NULL,0,NULL,NULL,'',0),(18,'Xseries 335 Xeon Topseller 2.8 GHz','',32,6,'2017-10-25 12:44:25','2017-10-25 12:44:25',NULL,240,NULL,NULL,0,NULL,NULL,'',0),(19,'Proventia G100','',33,2,'2017-10-25 12:47:46','2017-10-25 12:47:46',NULL,240,NULL,NULL,0,NULL,NULL,'',0),(20,'IP350','',34,2,'2017-10-25 12:50:04','2017-10-25 12:50:04',NULL,240,NULL,NULL,0,NULL,NULL,'',0),(21,'Monitor TS E74 17&#039;&#039;','',31,5,'2017-10-25 12:52:26','2017-10-25 12:52:26',NULL,240,NULL,NULL,0,NULL,NULL,'',0),(22,'dc5100 (P4 2,8 512M 80GB DVD XPP - esp. a 2GB)','',1,6,'2017-10-25 12:56:03','2017-10-25 12:56:03',NULL,240,NULL,NULL,0,NULL,NULL,'',0),(23,'Monitor SM710V TFT LCD 17 POLLICI ','',21,5,'2017-10-25 12:57:57','2017-10-25 12:57:57',NULL,240,NULL,NULL,0,NULL,NULL,'',0),(24,'Portatile SPL20-126 PM740 1024M 40G DVD XPP','',4,1,'2017-10-25 13:04:12','2017-10-25 13:04:12',NULL,240,NULL,NULL,0,NULL,NULL,'',0),(25,'Portatile SPL20-126 PM740 512M 40G DVD XPP ','',4,1,'2017-10-25 13:06:20','2017-10-25 13:06:20',NULL,240,NULL,NULL,0,NULL,NULL,'',0),(26,'X346 TS XEON 3GHZ 2MB 2X512GB OBAY U320 625W','',32,6,'2017-10-25 13:09:42','2017-10-25 13:09:42',NULL,240,NULL,NULL,0,NULL,NULL,'',0),(27,'McAfee','',35,2,'2017-10-25 13:12:08','2017-10-25 13:12:08',NULL,240,NULL,NULL,0,NULL,NULL,'',0),(28,'/15.4W/512/60GB/WinXP Centrino Duo - Espanso a 4GB RAM (2x2GB)','',4,1,'2017-10-25 13:13:41','2017-10-25 13:13:41',NULL,240,NULL,NULL,0,NULL,NULL,'',0),(29,' Centrino Duo - Espanso a 4GB RAM (2x2GB)','',4,1,'2017-10-25 13:15:19','2017-10-25 13:15:19',NULL,240,NULL,NULL,0,NULL,NULL,'',0),(30,'Switch KVM 4 posizioni','',36,2,'2017-10-25 13:17:07','2017-10-25 13:17:07',NULL,240,NULL,NULL,0,NULL,NULL,'',0),(31,'Switch OptiConnect 10/100 16 porte','',27,2,'2017-10-25 13:20:24','2017-10-25 13:20:24',NULL,240,NULL,NULL,0,NULL,NULL,'',0),(32,'Switch KVM 16 posizioni','',37,2,'2017-10-25 13:27:53','2017-10-25 13:27:53',NULL,240,NULL,NULL,0,NULL,NULL,'',0),(33,'xSeries 226 (2 CPU 3.0 GHz, 6GB RAM, 2 HDD 300GB)','',32,6,'2017-10-25 13:29:01','2017-10-25 13:29:01',NULL,240,NULL,NULL,0,NULL,NULL,'',0),(34,'AIR-AP1231G-E-K9','',2,2,'2017-10-25 13:32:25','2017-10-25 13:32:25',NULL,240,NULL,NULL,0,NULL,NULL,'',0),(35,'Laserjet 4250DTN','',1,8,'2017-10-25 13:36:34','2017-10-25 13:36:34',NULL,240,NULL,NULL,0,NULL,NULL,'',0),(36,'WS-C2960G-24TC-L V02','',2,2,'2017-10-25 13:38:14','2017-10-25 13:38:14',NULL,240,NULL,NULL,0,NULL,NULL,'',0),(37,'VPN-1 Edge 8U ADSL','',38,9,'2017-10-25 13:40:42','2017-10-25 13:40:42',NULL,240,NULL,NULL,0,NULL,NULL,'',0),(38,'NP-2000 (Demo Unit)','',39,2,'2017-10-25 13:42:52','2017-10-25 13:42:52',NULL,240,NULL,NULL,0,NULL,NULL,'',0),(39,'Satellite Pro A120 242','',4,1,'2017-10-25 13:45:09','2017-10-25 13:45:09',NULL,240,NULL,NULL,0,NULL,NULL,'',0),(40,'SG510-B','',40,10,'2017-10-25 13:50:00','2017-10-25 13:50:00',NULL,240,NULL,NULL,0,NULL,NULL,'',0),(41,'SG200-C','',40,10,'2017-10-25 13:51:21','2017-10-25 13:51:21',NULL,240,NULL,NULL,0,NULL,NULL,'',0),(42,'SPA200 (Core2Duo T7100 1GB)','',4,1,'2017-10-25 13:54:46','2017-10-25 13:54:46',NULL,240,NULL,NULL,0,NULL,NULL,'',0),(43,'L1718S-SN (17 pollici)','',54,5,'2017-10-25 13:57:37','2017-10-25 13:57:37',NULL,240,NULL,NULL,0,NULL,NULL,'',0),(44,'DC5700 SFF E4400 - 2GB RAM ','',1,11,'2017-10-25 14:01:42','2017-10-25 14:01:42',NULL,240,NULL,NULL,0,NULL,NULL,'',0),(45,'DC5700 SFF E4400 - 3GB RAM','',1,11,'2017-10-25 14:03:59','2017-10-25 14:03:59',NULL,240,NULL,NULL,0,NULL,NULL,'',0),(46,'WS-C3550-24PWR-SMI','',2,10,'2017-10-25 14:07:14','2017-10-25 14:07:14',NULL,240,NULL,NULL,0,NULL,NULL,'',0),(47,'Router CISCO1760 (con CCME)','',2,10,'2017-10-25 14:09:14','2017-10-25 14:09:14',NULL,240,NULL,NULL,0,NULL,NULL,'',0),(48,'Connectra 1000 NFR','',38,10,'2017-10-25 14:10:48','2017-10-25 14:10:48',NULL,240,NULL,NULL,0,NULL,NULL,'',0),(49,'OfficeConnect Switch 8p. 10/100/1000','',27,10,'2017-10-25 14:11:55','2017-10-25 14:11:55',NULL,240,NULL,NULL,0,NULL,NULL,'',0),(50,'SPA200-1RPT5450/15.4W/2GB/160GB - Win XP','',4,1,'2017-10-25 14:15:36','2017-10-25 14:15:36',NULL,240,NULL,NULL,0,NULL,NULL,'',0),(51,'IPS-1 Demo Unit','',38,10,'2017-10-25 14:17:46','2017-10-25 14:17:46',NULL,240,NULL,NULL,0,NULL,NULL,'',0),(52,'Access Point AR-MPZ1G-E-K9','',2,10,'2017-10-25 14:19:22','2017-10-25 14:19:22',NULL,240,NULL,NULL,0,NULL,NULL,'',0),(53,'6710B CORE2DUO T7250(2.0GHZ)','',1,1,'2017-10-25 14:23:45','2017-10-25 14:23:45',NULL,240,NULL,NULL,0,NULL,NULL,'',0),(54,'SPA200-1RPT5450','',4,1,'2017-10-25 14:26:42','2017-10-25 14:26:42',NULL,240,NULL,NULL,0,NULL,NULL,'',0),(55,'Port. 6710B T8100 2GB 160GB XP Pro','',1,1,'2017-10-25 14:28:45','2017-10-25 14:28:45',NULL,240,NULL,NULL,0,NULL,NULL,'',0),(56,'Gigabit Switch 8','',27,10,'2017-10-25 14:40:01','2017-10-25 14:40:01',NULL,240,NULL,NULL,0,NULL,NULL,'',0),(57,'Port.6710B T8100 15,4 2GB 160GB XP Pro','',1,1,'2017-10-25 14:43:25','2017-10-25 14:43:25',NULL,240,NULL,NULL,0,NULL,NULL,'',0),(58,'DC5700 SFF E4400','',1,11,'2017-10-25 14:44:53','2017-10-25 14:44:53',NULL,240,NULL,NULL,0,NULL,NULL,'',0),(59,'Monitor L1718S-SN (17 pollici)','',54,5,'2017-10-25 14:47:04','2017-10-25 14:47:04',NULL,240,NULL,NULL,0,NULL,NULL,'',0),(60,'HDD Esterno 250GB','',55,12,'2017-10-25 14:49:32','2017-10-25 14:49:32',NULL,240,NULL,NULL,0,NULL,NULL,'',0),(61,'P7935 E8500 2GB 250GB VISTA-XP ','',42,11,'2017-10-25 14:51:05','2017-10-25 14:51:05',NULL,240,NULL,NULL,0,NULL,NULL,'',0),(62,'HDD Esterno 1TB','',43,12,'2017-10-25 14:53:44','2017-10-25 14:53:44',NULL,240,NULL,NULL,0,NULL,NULL,'',0),(63,'Portatile 6530b C2D/2GB/160GB','',1,1,'2017-10-25 14:55:41','2017-10-25 14:55:41',NULL,240,NULL,NULL,0,NULL,NULL,'',0),(64,'Print Server USB','',1,10,'2017-10-25 15:00:31','2017-10-25 15:00:31',NULL,240,NULL,NULL,0,NULL,NULL,'',0),(65,'PowerEdge R200 Quad Core Xeon X3220 (2.4GHz, 2x4MB, 1066MHz FSB)','',5,11,'2017-10-25 15:02:08','2017-10-25 15:02:08',NULL,240,NULL,NULL,0,NULL,NULL,'',0),(66,'G4 (NFR)','',44,10,'2017-10-25 15:11:47','2017-10-25 15:11:47',NULL,240,NULL,NULL,0,NULL,NULL,'',0),(67,'DL380G5, 2GB RAM, HDD 2x140GB, NIC Intel 4-Port','',1,13,'2017-10-25 15:14:36','2017-10-25 15:14:36',NULL,240,NULL,NULL,0,NULL,NULL,'',0),(68,'6730B P8700 15.4 2GB 320GB Win7Prof','',1,1,'2017-10-25 15:18:20','2017-10-25 15:18:20',NULL,240,NULL,NULL,0,NULL,NULL,'',0),(69,'Monitor 19&quot; - Mod. L1942S-BF','',54,5,'2017-10-25 15:21:11','2017-10-25 15:21:11',NULL,240,NULL,NULL,0,NULL,NULL,'',0),(70,'Unit&agrave; DVD esterna','',1,14,'2017-10-25 15:24:35','2017-10-25 15:24:35',NULL,240,NULL,NULL,0,NULL,NULL,'',0),(71,'Monitor TV mod. E320D','',45,5,'2017-10-25 15:25:52','2017-10-25 15:25:52',NULL,240,NULL,NULL,0,NULL,NULL,'',0),(72,'enVision ES-1060 Demo Appliance','',46,10,'2017-10-25 15:29:09','2017-10-25 15:29:09',NULL,240,NULL,NULL,0,NULL,NULL,'',0),(73,'2020 NFR','',47,10,'2017-10-25 15:31:09','2017-10-25 15:31:09',NULL,240,NULL,NULL,0,NULL,NULL,'',0),(74,'Monitor 19&quot; W1943SS','',54,5,'2017-10-25 15:33:34','2017-10-25 15:33:34',NULL,240,NULL,NULL,0,NULL,NULL,'',0),(75,'HP 620 T6570 4GB 500GB Win7Prof','',1,1,'2017-10-25 15:36:56','2017-10-25 15:36:56',NULL,240,NULL,NULL,0,NULL,NULL,'',0),(76,'HP 620 T6570 4GB 500GB Win7Prof','',1,1,'2017-10-25 15:38:50','2017-10-25 15:38:50',NULL,240,NULL,NULL,0,NULL,NULL,'',0),(77,'Probook 4720S','',1,1,'2017-10-25 15:40:47','2017-10-25 15:40:47',NULL,240,NULL,NULL,0,NULL,NULL,'',0),(78,'Probook 6550B I5','',1,1,'2017-10-25 15:42:14','2017-10-25 15:42:14',NULL,240,NULL,NULL,0,NULL,NULL,'',0),(79,'ProBook 620 T6670','',1,1,'2017-10-25 15:48:09','2017-10-25 15:48:09',NULL,240,NULL,NULL,0,NULL,NULL,'',0),(80,'Vayo VPCS13L9E','',49,1,'2017-10-25 15:50:43','2017-10-25 15:50:43',NULL,240,NULL,NULL,0,NULL,NULL,'',0),(81,'50PK350 - TV Plasma 50&quot;','',54,5,'2017-10-25 15:53:07','2017-10-25 15:53:07',NULL,240,NULL,NULL,0,NULL,NULL,'',0),(82,'Switch KVM 16 posizioni','',37,10,'2017-10-26 07:24:34','2017-10-26 07:24:34',NULL,240,NULL,NULL,0,NULL,NULL,'',0),(83,'HDX 6000 HD','',20,15,'2017-10-27 08:53:53','2017-10-27 08:53:53',NULL,240,NULL,NULL,0,NULL,NULL,'',0);
/*!40000 ALTER TABLE `models` ENABLE KEYS */;
UNLOCK TABLES;
DROP TABLE IF EXISTS `oauth_access_tokens`;
/*!40101 SET @saved_cs_client     = @@character_set_client */;
/*!40101 SET character_set_client = utf8 */;
CREATE TABLE `oauth_access_tokens` (
  `id` varchar(100) COLLATE utf8mb4_unicode_ci NOT NULL,
  `user_id` int(11) DEFAULT NULL,
  `client_id` int(11) NOT NULL,
  `name` varchar(191) COLLATE utf8mb4_unicode_ci DEFAULT NULL,
  `scopes` text COLLATE utf8mb4_unicode_ci,
  `revoked` tinyint(1) NOT NULL,
  `created_at` timestamp NULL DEFAULT NULL,
  `updated_at` timestamp NULL DEFAULT NULL,
  `expires_at` datetime DEFAULT NULL,
  PRIMARY KEY (`id`),
  KEY `oauth_access_tokens_user_id_index` (`user_id`)
) ENGINE=InnoDB DEFAULT CHARSET=utf8mb4 COLLATE=utf8mb4_unicode_ci;
/*!40101 SET character_set_client = @saved_cs_client */;

LOCK TABLES `oauth_access_tokens` WRITE;
/*!40000 ALTER TABLE `oauth_access_tokens` DISABLE KEYS */;
INSERT INTO `oauth_access_tokens` VALUES ('34b68fb4042c730a5d09ca89721c17133327a7b0cbdaf0acd44a012ca785dd318e551510ad7873d2',246,1,'Pietro','[]',0,'2017-12-19 16:24:19','2017-12-19 16:24:19','2018-12-19 17:24:19');
/*!40000 ALTER TABLE `oauth_access_tokens` ENABLE KEYS */;
UNLOCK TABLES;
DROP TABLE IF EXISTS `oauth_auth_codes`;
/*!40101 SET @saved_cs_client     = @@character_set_client */;
/*!40101 SET character_set_client = utf8 */;
CREATE TABLE `oauth_auth_codes` (
  `id` varchar(100) COLLATE utf8mb4_unicode_ci NOT NULL,
  `user_id` int(11) NOT NULL,
  `client_id` int(11) NOT NULL,
  `scopes` text COLLATE utf8mb4_unicode_ci,
  `revoked` tinyint(1) NOT NULL,
  `expires_at` datetime DEFAULT NULL,
  PRIMARY KEY (`id`)
) ENGINE=InnoDB DEFAULT CHARSET=utf8mb4 COLLATE=utf8mb4_unicode_ci;
/*!40101 SET character_set_client = @saved_cs_client */;

LOCK TABLES `oauth_auth_codes` WRITE;
/*!40000 ALTER TABLE `oauth_auth_codes` DISABLE KEYS */;
/*!40000 ALTER TABLE `oauth_auth_codes` ENABLE KEYS */;
UNLOCK TABLES;
DROP TABLE IF EXISTS `oauth_clients`;
/*!40101 SET @saved_cs_client     = @@character_set_client */;
/*!40101 SET character_set_client = utf8 */;
CREATE TABLE `oauth_clients` (
  `id` int(10) unsigned NOT NULL AUTO_INCREMENT,
  `user_id` int(11) DEFAULT NULL,
  `name` varchar(191) COLLATE utf8mb4_unicode_ci NOT NULL,
  `secret` varchar(100) COLLATE utf8mb4_unicode_ci NOT NULL,
  `redirect` text COLLATE utf8mb4_unicode_ci NOT NULL,
  `personal_access_client` tinyint(1) NOT NULL,
  `password_client` tinyint(1) NOT NULL,
  `revoked` tinyint(1) NOT NULL,
  `created_at` timestamp NULL DEFAULT NULL,
  `updated_at` timestamp NULL DEFAULT NULL,
  PRIMARY KEY (`id`),
  KEY `oauth_clients_user_id_index` (`user_id`)
) ENGINE=InnoDB AUTO_INCREMENT=3 DEFAULT CHARSET=utf8mb4 COLLATE=utf8mb4_unicode_ci;
/*!40101 SET character_set_client = @saved_cs_client */;

LOCK TABLES `oauth_clients` WRITE;
/*!40000 ALTER TABLE `oauth_clients` DISABLE KEYS */;
INSERT INTO `oauth_clients` VALUES (1,NULL,'Snipe-IT Personal Access Client','KjRfHMK90SGVvw2HfHTiXoZ4GYobxAsUfdkKuW7d','http://localhost',1,0,0,'2017-12-19 15:33:05','2017-12-19 15:33:05'),(2,NULL,'Snipe-IT Password Grant Client','Y6Peylk2wvTQexyGwIGgavJaNeTJyXfc8BDdf7Ie','http://localhost',0,1,0,'2017-12-19 15:33:05','2017-12-19 15:33:05');
/*!40000 ALTER TABLE `oauth_clients` ENABLE KEYS */;
UNLOCK TABLES;
DROP TABLE IF EXISTS `oauth_personal_access_clients`;
/*!40101 SET @saved_cs_client     = @@character_set_client */;
/*!40101 SET character_set_client = utf8 */;
CREATE TABLE `oauth_personal_access_clients` (
  `id` int(10) unsigned NOT NULL AUTO_INCREMENT,
  `client_id` int(11) NOT NULL,
  `created_at` timestamp NULL DEFAULT NULL,
  `updated_at` timestamp NULL DEFAULT NULL,
  PRIMARY KEY (`id`),
  KEY `oauth_personal_access_clients_client_id_index` (`client_id`)
) ENGINE=InnoDB AUTO_INCREMENT=2 DEFAULT CHARSET=utf8mb4 COLLATE=utf8mb4_unicode_ci;
/*!40101 SET character_set_client = @saved_cs_client */;

LOCK TABLES `oauth_personal_access_clients` WRITE;
/*!40000 ALTER TABLE `oauth_personal_access_clients` DISABLE KEYS */;
INSERT INTO `oauth_personal_access_clients` VALUES (1,1,'2017-12-19 15:33:05','2017-12-19 15:33:05');
/*!40000 ALTER TABLE `oauth_personal_access_clients` ENABLE KEYS */;
UNLOCK TABLES;
DROP TABLE IF EXISTS `oauth_refresh_tokens`;
/*!40101 SET @saved_cs_client     = @@character_set_client */;
/*!40101 SET character_set_client = utf8 */;
CREATE TABLE `oauth_refresh_tokens` (
  `id` varchar(100) COLLATE utf8mb4_unicode_ci NOT NULL,
  `access_token_id` varchar(100) COLLATE utf8mb4_unicode_ci NOT NULL,
  `revoked` tinyint(1) NOT NULL,
  `expires_at` datetime DEFAULT NULL,
  PRIMARY KEY (`id`),
  KEY `oauth_refresh_tokens_access_token_id_index` (`access_token_id`)
) ENGINE=InnoDB DEFAULT CHARSET=utf8mb4 COLLATE=utf8mb4_unicode_ci;
/*!40101 SET character_set_client = @saved_cs_client */;

LOCK TABLES `oauth_refresh_tokens` WRITE;
/*!40000 ALTER TABLE `oauth_refresh_tokens` DISABLE KEYS */;
/*!40000 ALTER TABLE `oauth_refresh_tokens` ENABLE KEYS */;
UNLOCK TABLES;
DROP TABLE IF EXISTS `password_resets`;
/*!40101 SET @saved_cs_client     = @@character_set_client */;
/*!40101 SET character_set_client = utf8 */;
CREATE TABLE `password_resets` (
  `email` varchar(255) COLLATE utf8_unicode_ci NOT NULL,
  `token` varchar(255) COLLATE utf8_unicode_ci NOT NULL,
  `created_at` timestamp NOT NULL DEFAULT CURRENT_TIMESTAMP ON UPDATE CURRENT_TIMESTAMP,
  KEY `password_resets_email_index` (`email`),
  KEY `password_resets_token_index` (`token`)
) ENGINE=InnoDB DEFAULT CHARSET=utf8 COLLATE=utf8_unicode_ci;
/*!40101 SET character_set_client = @saved_cs_client */;

LOCK TABLES `password_resets` WRITE;
/*!40000 ALTER TABLE `password_resets` DISABLE KEYS */;
/*!40000 ALTER TABLE `password_resets` ENABLE KEYS */;
UNLOCK TABLES;
DROP TABLE IF EXISTS `requested_assets`;
/*!40101 SET @saved_cs_client     = @@character_set_client */;
/*!40101 SET character_set_client = utf8 */;
CREATE TABLE `requested_assets` (
  `id` int(10) unsigned NOT NULL AUTO_INCREMENT,
  `asset_id` int(11) NOT NULL,
  `user_id` int(11) NOT NULL,
  `accepted_at` datetime DEFAULT NULL,
  `denied_at` datetime DEFAULT NULL,
  `notes` varchar(255) COLLATE utf8_unicode_ci NOT NULL,
  `created_at` timestamp NULL DEFAULT NULL,
  `updated_at` timestamp NULL DEFAULT NULL,
  PRIMARY KEY (`id`)
) ENGINE=InnoDB DEFAULT CHARSET=utf8 COLLATE=utf8_unicode_ci;
/*!40101 SET character_set_client = @saved_cs_client */;

LOCK TABLES `requested_assets` WRITE;
/*!40000 ALTER TABLE `requested_assets` DISABLE KEYS */;
/*!40000 ALTER TABLE `requested_assets` ENABLE KEYS */;
UNLOCK TABLES;
DROP TABLE IF EXISTS `requests`;
/*!40101 SET @saved_cs_client     = @@character_set_client */;
/*!40101 SET character_set_client = utf8 */;
CREATE TABLE `requests` (
  `id` int(10) unsigned NOT NULL AUTO_INCREMENT,
  `asset_id` int(11) NOT NULL,
  `user_id` int(11) DEFAULT NULL,
  `request_code` text COLLATE utf8_unicode_ci NOT NULL,
  `created_at` timestamp NULL DEFAULT NULL,
  `updated_at` timestamp NULL DEFAULT NULL,
  `deleted_at` timestamp NULL DEFAULT NULL,
  PRIMARY KEY (`id`)
) ENGINE=InnoDB DEFAULT CHARSET=utf8 COLLATE=utf8_unicode_ci;
/*!40101 SET character_set_client = @saved_cs_client */;

LOCK TABLES `requests` WRITE;
/*!40000 ALTER TABLE `requests` DISABLE KEYS */;
/*!40000 ALTER TABLE `requests` ENABLE KEYS */;
UNLOCK TABLES;
DROP TABLE IF EXISTS `settings`;
/*!40101 SET @saved_cs_client     = @@character_set_client */;
/*!40101 SET character_set_client = utf8 */;
CREATE TABLE `settings` (
  `id` int(10) unsigned NOT NULL AUTO_INCREMENT,
  `created_at` timestamp NULL DEFAULT NULL,
  `updated_at` timestamp NULL DEFAULT NULL,
  `user_id` int(11) DEFAULT NULL,
  `per_page` int(11) NOT NULL DEFAULT '20',
  `site_name` varchar(100) COLLATE utf8_unicode_ci NOT NULL DEFAULT 'Snipe IT Asset Management',
  `qr_code` int(11) DEFAULT NULL,
  `qr_text` varchar(32) COLLATE utf8_unicode_ci DEFAULT NULL,
  `display_asset_name` int(11) DEFAULT NULL,
  `display_checkout_date` int(11) DEFAULT NULL,
  `display_eol` int(11) DEFAULT NULL,
  `auto_increment_assets` int(11) NOT NULL DEFAULT '0',
  `auto_increment_prefix` varchar(255) COLLATE utf8_unicode_ci NOT NULL DEFAULT '0',
  `load_remote` tinyint(1) NOT NULL DEFAULT '1',
  `logo` varchar(255) COLLATE utf8_unicode_ci DEFAULT NULL,
  `header_color` varchar(255) COLLATE utf8_unicode_ci DEFAULT NULL,
  `alert_email` varchar(255) COLLATE utf8_unicode_ci DEFAULT NULL,
  `alerts_enabled` tinyint(1) NOT NULL DEFAULT '1',
  `default_eula_text` longtext COLLATE utf8_unicode_ci,
  `barcode_type` varchar(255) COLLATE utf8_unicode_ci DEFAULT 'QRCODE',
  `slack_endpoint` varchar(255) COLLATE utf8_unicode_ci DEFAULT NULL,
  `slack_channel` varchar(255) COLLATE utf8_unicode_ci DEFAULT NULL,
  `slack_botname` varchar(255) COLLATE utf8_unicode_ci DEFAULT NULL,
  `default_currency` varchar(10) COLLATE utf8_unicode_ci DEFAULT NULL,
  `custom_css` text COLLATE utf8_unicode_ci,
  `brand` tinyint(4) NOT NULL DEFAULT '1',
  `ldap_enabled` varchar(255) COLLATE utf8_unicode_ci DEFAULT NULL,
  `ldap_server` varchar(255) COLLATE utf8_unicode_ci DEFAULT NULL,
  `ldap_uname` varchar(255) COLLATE utf8_unicode_ci DEFAULT NULL,
  `ldap_pword` longtext COLLATE utf8_unicode_ci,
  `ldap_basedn` varchar(255) COLLATE utf8_unicode_ci DEFAULT NULL,
  `ldap_filter` text COLLATE utf8_unicode_ci,
  `ldap_username_field` varchar(255) COLLATE utf8_unicode_ci DEFAULT 'samaccountname',
  `ldap_lname_field` varchar(255) COLLATE utf8_unicode_ci DEFAULT 'sn',
  `ldap_fname_field` varchar(255) COLLATE utf8_unicode_ci DEFAULT 'givenname',
  `ldap_auth_filter_query` varchar(255) COLLATE utf8_unicode_ci DEFAULT 'uid=samaccountname',
  `ldap_version` int(11) DEFAULT '3',
  `ldap_active_flag` varchar(255) COLLATE utf8_unicode_ci DEFAULT NULL,
  `ldap_emp_num` varchar(255) COLLATE utf8_unicode_ci DEFAULT NULL,
  `ldap_email` varchar(255) COLLATE utf8_unicode_ci DEFAULT NULL,
  `full_multiple_companies_support` tinyint(1) NOT NULL DEFAULT '0',
  `ldap_server_cert_ignore` tinyint(1) NOT NULL DEFAULT '0',
  `locale` varchar(5) COLLATE utf8_unicode_ci DEFAULT 'en',
  `labels_per_page` tinyint(4) NOT NULL DEFAULT '30',
  `labels_width` decimal(6,5) NOT NULL DEFAULT '2.62500',
  `labels_height` decimal(6,5) NOT NULL DEFAULT '1.00000',
  `labels_pmargin_left` decimal(6,5) NOT NULL DEFAULT '0.21975',
  `labels_pmargin_right` decimal(6,5) NOT NULL DEFAULT '0.21975',
  `labels_pmargin_top` decimal(6,5) NOT NULL DEFAULT '0.50000',
  `labels_pmargin_bottom` decimal(6,5) NOT NULL DEFAULT '0.50000',
  `labels_display_bgutter` decimal(6,5) NOT NULL DEFAULT '0.07000',
  `labels_display_sgutter` decimal(6,5) NOT NULL DEFAULT '0.05000',
  `labels_fontsize` tinyint(4) NOT NULL DEFAULT '9',
  `labels_pagewidth` decimal(7,5) NOT NULL DEFAULT '8.50000',
  `labels_pageheight` decimal(7,5) NOT NULL DEFAULT '11.00000',
  `labels_display_name` tinyint(4) NOT NULL DEFAULT '0',
  `labels_display_serial` tinyint(4) NOT NULL DEFAULT '1',
  `labels_display_tag` tinyint(4) NOT NULL DEFAULT '1',
  `alt_barcode` varchar(255) COLLATE utf8_unicode_ci DEFAULT 'C128',
  `alt_barcode_enabled` tinyint(1) DEFAULT '1',
  `alert_interval` int(11) DEFAULT '30',
  `alert_threshold` int(11) DEFAULT '5',
  `email_domain` varchar(255) COLLATE utf8_unicode_ci DEFAULT NULL,
  `email_format` varchar(255) COLLATE utf8_unicode_ci DEFAULT 'filastname',
  `username_format` varchar(255) COLLATE utf8_unicode_ci DEFAULT 'filastname',
  `is_ad` tinyint(1) NOT NULL DEFAULT '0',
  `ad_domain` varchar(255) COLLATE utf8_unicode_ci DEFAULT NULL,
  `ldap_port` varchar(5) COLLATE utf8_unicode_ci NOT NULL DEFAULT '389',
  `ldap_tls` tinyint(1) NOT NULL DEFAULT '0',
  `zerofill_count` int(11) NOT NULL DEFAULT '5',
  `ldap_pw_sync` tinyint(1) NOT NULL DEFAULT '1',
  `two_factor_enabled` tinyint(4) DEFAULT NULL,
  `require_accept_signature` tinyint(1) NOT NULL DEFAULT '0',
  `date_display_format` varchar(191) COLLATE utf8_unicode_ci NOT NULL DEFAULT 'Y-m-d',
  `time_display_format` varchar(191) COLLATE utf8_unicode_ci NOT NULL DEFAULT 'h:i A',
  `next_auto_tag_base` bigint(20) NOT NULL DEFAULT '1',
  `login_note` text COLLATE utf8_unicode_ci,
  `thumbnail_max_h` int(11) DEFAULT '50',
  `pwd_secure_uncommon` tinyint(1) NOT NULL DEFAULT '0',
  `pwd_secure_complexity` varchar(191) COLLATE utf8_unicode_ci DEFAULT NULL,
  `pwd_secure_min` int(11) NOT NULL DEFAULT '8',
  `audit_interval` int(11) DEFAULT NULL,
  `audit_warning_days` int(11) DEFAULT NULL,
  `show_url_in_emails` tinyint(1) NOT NULL DEFAULT '0',
  `custom_forgot_pass_url` varchar(191) COLLATE utf8_unicode_ci DEFAULT NULL,
  `show_alerts_in_menu` tinyint(1) NOT NULL DEFAULT '1',
  `labels_display_company_name` tinyint(1) NOT NULL DEFAULT '0',
  PRIMARY KEY (`id`)
) ENGINE=InnoDB AUTO_INCREMENT=2 DEFAULT CHARSET=utf8 COLLATE=utf8_unicode_ci;
/*!40101 SET character_set_client = @saved_cs_client */;

LOCK TABLES `settings` WRITE;
/*!40000 ALTER TABLE `settings` DISABLE KEYS */;
INSERT INTO `settings` VALUES (1,'2016-12-09 08:36:36','2017-12-19 17:23:23',1,20,'Kirey Group Asset Management',0,'',NULL,NULL,NULL,1,'',1,'logo.png','','snipeit@iks.it',1,'','QRCODE','','','','EUR','',3,'1','ldap://192.168.100.20','IKSIT\\administrator','eyJpdiI6Im1BeUp5SW05RmI3UDUyMStxcFdKWUE9PSIsInZhbHVlIjoiSm5keHlEXC9PclwveFwvMFdacXpSWSsrVVEwXC9lSVdaNk1hbmVqODhsT1wvUXVjPSIsIm1hYyI6IjBiYmM4ODZlY2E4YzVlNGZiNDA3YTZiYzQ4MzZlMTEzOGNjNzgzOTkwZDQzN2M3MzQzNmRiNTBmODRlODg3ODQifQ==','DC=iks,DC=local','&(|(memberof=CN=BU_ITI,OU=Liste e Gruppi,DC=iks,DC=local)(distinguishedName=CN=Luca Baldo,OU=Padova,OU=Kima,DC=iks,DC=local))','samaccountname','sn','givenname','samaccountname=',3,'','','mail',1,0,'en',30,2.62500,1.00000,0.21975,0.21975,0.50000,0.50000,0.07000,0.05000,9,8.50000,11.00000,0,1,1,'C128',1,30,5,'iks.it','firstname.lastname','filastname',1,'iks.local','389',0,5,1,NULL,0,'Y-m-d','h:i A',1,NULL,50,0,NULL,8,NULL,NULL,0,NULL,1,0);
/*!40000 ALTER TABLE `settings` ENABLE KEYS */;
UNLOCK TABLES;
DROP TABLE IF EXISTS `status_labels`;
/*!40101 SET @saved_cs_client     = @@character_set_client */;
/*!40101 SET character_set_client = utf8 */;
CREATE TABLE `status_labels` (
  `id` int(10) unsigned NOT NULL AUTO_INCREMENT,
  `name` varchar(100) COLLATE utf8_unicode_ci DEFAULT NULL,
  `user_id` int(11) DEFAULT NULL,
  `created_at` timestamp NULL DEFAULT NULL,
  `updated_at` timestamp NULL DEFAULT NULL,
  `deleted_at` timestamp NULL DEFAULT NULL,
  `deployable` tinyint(1) NOT NULL DEFAULT '0',
  `pending` tinyint(1) NOT NULL DEFAULT '0',
  `archived` tinyint(1) NOT NULL DEFAULT '0',
  `notes` text COLLATE utf8_unicode_ci,
  `color` varchar(10) COLLATE utf8_unicode_ci DEFAULT NULL,
  `show_in_nav` tinyint(1) NOT NULL DEFAULT '0',
  PRIMARY KEY (`id`)
) ENGINE=InnoDB AUTO_INCREMENT=10 DEFAULT CHARSET=utf8 COLLATE=utf8_unicode_ci;
/*!40101 SET character_set_client = @saved_cs_client */;

LOCK TABLES `status_labels` WRITE;
/*!40000 ALTER TABLE `status_labels` DISABLE KEYS */;
INSERT INTO `status_labels` VALUES (1,'Ready to Deploy',1,NULL,'2017-11-08 17:39:54',NULL,1,0,0,'These assets are ready to be deployed.','#29c446',1),(2,'Ready to Install',1,NULL,'2017-11-08 17:44:05',NULL,1,0,0,'These assets are not yet ready to be deployed, usually because of configuration or waiting on parts.','#6ded5b',0),(3,'To be Scrap',1,NULL,'2017-10-19 09:48:56',NULL,0,0,0,'R1','#312c73',0),(4,'Disponibile',2,'2017-02-02 14:44:54','2017-10-19 09:25:06','2017-10-19 09:25:06',1,0,0,'',NULL,0),(5,'Assigned',2,'2017-02-02 14:48:03','2017-11-08 17:43:23',NULL,1,0,0,'','#347c55',0),(6,'Stolen &amp; Delisted',217,'2017-10-19 09:09:14','2017-10-19 09:51:41',NULL,0,0,1,'R3 causa furto','#141414',0),(7,'Lost',217,'2017-10-19 09:25:44','2017-10-19 09:40:48','2017-10-19 09:40:48',0,0,1,'','',0),(8,'Scrapped',217,'2017-10-19 09:49:46','2017-10-19 09:49:46',NULL,0,0,0,'R2 Smaltito ma ancora a cespite','#151783',0),(9,'Scrapped &amp; Delisted',217,'2017-10-19 09:50:43','2017-10-19 09:50:43',NULL,0,0,1,'R3 Rottamato e tolto dai cespiti','#2d5985',0);
/*!40000 ALTER TABLE `status_labels` ENABLE KEYS */;
UNLOCK TABLES;
DROP TABLE IF EXISTS `suppliers`;
/*!40101 SET @saved_cs_client     = @@character_set_client */;
/*!40101 SET character_set_client = utf8 */;
CREATE TABLE `suppliers` (
  `id` int(10) unsigned NOT NULL AUTO_INCREMENT,
  `name` varchar(255) COLLATE utf8_unicode_ci NOT NULL,
  `address` varchar(50) COLLATE utf8_unicode_ci DEFAULT NULL,
  `address2` varchar(50) COLLATE utf8_unicode_ci DEFAULT NULL,
  `city` varchar(255) COLLATE utf8_unicode_ci DEFAULT NULL,
  `state` varchar(32) COLLATE utf8_unicode_ci DEFAULT NULL,
  `country` varchar(2) COLLATE utf8_unicode_ci DEFAULT NULL,
  `phone` varchar(35) COLLATE utf8_unicode_ci DEFAULT NULL,
  `fax` varchar(35) COLLATE utf8_unicode_ci DEFAULT NULL,
  `email` varchar(150) COLLATE utf8_unicode_ci DEFAULT NULL,
  `contact` varchar(100) COLLATE utf8_unicode_ci DEFAULT NULL,
  `notes` varchar(255) COLLATE utf8_unicode_ci DEFAULT NULL,
  `created_at` timestamp NULL DEFAULT NULL,
  `updated_at` timestamp NULL DEFAULT NULL,
  `user_id` int(11) DEFAULT NULL,
  `deleted_at` timestamp NULL DEFAULT NULL,
  `zip` varchar(10) COLLATE utf8_unicode_ci DEFAULT NULL,
  `url` varchar(250) COLLATE utf8_unicode_ci DEFAULT NULL,
  `image` varchar(255) COLLATE utf8_unicode_ci DEFAULT NULL,
  PRIMARY KEY (`id`)
) ENGINE=InnoDB AUTO_INCREMENT=10 DEFAULT CHARSET=utf8 COLLATE=utf8_unicode_ci;
/*!40101 SET character_set_client = @saved_cs_client */;

LOCK TABLES `suppliers` WRITE;
/*!40000 ALTER TABLE `suppliers` DISABLE KEYS */;
INSERT INTO `suppliers` VALUES (1,'TechData',NULL,NULL,NULL,NULL,NULL,NULL,NULL,NULL,NULL,NULL,'2017-07-20 08:05:47','2017-07-20 08:05:47',244,NULL,NULL,NULL,NULL),(2,'Esprinet',NULL,NULL,NULL,NULL,NULL,NULL,NULL,NULL,NULL,NULL,'2017-07-20 08:06:10','2017-07-20 08:06:10',244,NULL,NULL,NULL,NULL),(3,'Microsoft','','','','','IT','','','','','','2017-10-19 10:20:44','2017-10-19 10:20:44',217,NULL,'','http://',NULL),(4,'COLT','','','','','','','','','','','2017-10-19 10:20:59','2017-10-19 10:20:59',217,NULL,'','http://',NULL),(5,'Computer Gross',NULL,NULL,NULL,NULL,NULL,NULL,NULL,NULL,NULL,NULL,'2017-10-25 12:45:18','2017-10-25 12:45:18',240,NULL,NULL,NULL,NULL),(6,'Nokia',NULL,NULL,NULL,NULL,NULL,NULL,NULL,NULL,NULL,NULL,'2017-10-25 12:50:43','2017-10-25 12:50:43',240,NULL,NULL,NULL,NULL),(7,'C.Links','','','','','','','','','','','2017-10-25 13:47:32','2017-10-25 13:47:32',240,NULL,'','http://',NULL),(8,'IT-Way',NULL,NULL,NULL,NULL,NULL,NULL,NULL,NULL,NULL,NULL,'2017-10-25 14:13:44','2017-10-25 14:13:44',240,NULL,NULL,NULL,NULL),(9,'ALLNET Italia',NULL,NULL,NULL,NULL,NULL,NULL,NULL,NULL,NULL,NULL,'2017-10-27 08:54:37','2017-10-27 08:54:37',240,NULL,NULL,NULL,NULL);
/*!40000 ALTER TABLE `suppliers` ENABLE KEYS */;
UNLOCK TABLES;
DROP TABLE IF EXISTS `throttle`;
/*!40101 SET @saved_cs_client     = @@character_set_client */;
/*!40101 SET character_set_client = utf8 */;
CREATE TABLE `throttle` (
  `id` int(10) unsigned NOT NULL AUTO_INCREMENT,
  `user_id` int(10) unsigned DEFAULT NULL,
  `ip_address` varchar(255) COLLATE utf8_unicode_ci DEFAULT NULL,
  `attempts` int(11) NOT NULL DEFAULT '0',
  `suspended` tinyint(1) NOT NULL DEFAULT '0',
  `banned` tinyint(1) NOT NULL DEFAULT '0',
  `last_attempt_at` timestamp NULL DEFAULT NULL,
  `suspended_at` timestamp NULL DEFAULT NULL,
  `banned_at` timestamp NULL DEFAULT NULL,
  PRIMARY KEY (`id`),
  KEY `throttle_user_id_index` (`user_id`)
) ENGINE=InnoDB DEFAULT CHARSET=utf8 COLLATE=utf8_unicode_ci;
/*!40101 SET character_set_client = @saved_cs_client */;

LOCK TABLES `throttle` WRITE;
/*!40000 ALTER TABLE `throttle` DISABLE KEYS */;
/*!40000 ALTER TABLE `throttle` ENABLE KEYS */;
UNLOCK TABLES;
DROP TABLE IF EXISTS `users`;
/*!40101 SET @saved_cs_client     = @@character_set_client */;
/*!40101 SET character_set_client = utf8 */;
CREATE TABLE `users` (
  `id` int(10) unsigned NOT NULL AUTO_INCREMENT,
  `email` varchar(255) COLLATE utf8_unicode_ci DEFAULT NULL,
  `password` varchar(255) COLLATE utf8_unicode_ci NOT NULL,
  `permissions` text COLLATE utf8_unicode_ci,
  `activated` tinyint(1) NOT NULL DEFAULT '0',
  `activation_code` varchar(255) COLLATE utf8_unicode_ci DEFAULT NULL,
  `activated_at` timestamp NULL DEFAULT NULL,
  `last_login` timestamp NULL DEFAULT NULL,
  `persist_code` varchar(255) COLLATE utf8_unicode_ci DEFAULT NULL,
  `reset_password_code` varchar(255) COLLATE utf8_unicode_ci DEFAULT NULL,
  `first_name` varchar(255) COLLATE utf8_unicode_ci DEFAULT NULL,
  `last_name` varchar(255) COLLATE utf8_unicode_ci DEFAULT NULL,
  `created_at` timestamp NULL DEFAULT NULL,
  `updated_at` timestamp NULL DEFAULT NULL,
  `deleted_at` timestamp NULL DEFAULT NULL,
  `website` varchar(255) COLLATE utf8_unicode_ci DEFAULT NULL,
  `country` varchar(255) COLLATE utf8_unicode_ci DEFAULT NULL,
  `gravatar` varchar(255) COLLATE utf8_unicode_ci DEFAULT NULL,
  `location_id` int(11) DEFAULT NULL,
  `phone` varchar(255) COLLATE utf8_unicode_ci DEFAULT NULL,
  `jobtitle` varchar(255) COLLATE utf8_unicode_ci DEFAULT NULL,
  `manager_id` int(11) DEFAULT NULL,
  `employee_num` text COLLATE utf8_unicode_ci,
  `avatar` varchar(255) COLLATE utf8_unicode_ci DEFAULT NULL,
  `username` varchar(255) COLLATE utf8_unicode_ci DEFAULT NULL,
  `notes` text COLLATE utf8_unicode_ci,
  `company_id` int(10) unsigned DEFAULT NULL,
  `remember_token` text COLLATE utf8_unicode_ci,
  `ldap_import` tinyint(1) NOT NULL DEFAULT '0',
  `locale` varchar(10) COLLATE utf8_unicode_ci DEFAULT 'en',
  `show_in_list` tinyint(1) NOT NULL DEFAULT '1',
  `two_factor_secret` varchar(32) COLLATE utf8_unicode_ci DEFAULT NULL,
  `two_factor_enrolled` tinyint(1) NOT NULL DEFAULT '0',
  `two_factor_optin` tinyint(1) NOT NULL DEFAULT '0',
  `department_id` int(11) DEFAULT NULL,
  `address` varchar(191) COLLATE utf8_unicode_ci DEFAULT NULL,
  `city` varchar(191) COLLATE utf8_unicode_ci DEFAULT NULL,
  `state` varchar(3) COLLATE utf8_unicode_ci DEFAULT NULL,
  `zip` varchar(10) COLLATE utf8_unicode_ci DEFAULT NULL,
  PRIMARY KEY (`id`),
  KEY `users_activation_code_index` (`activation_code`),
  KEY `users_reset_password_code_index` (`reset_password_code`)
) ENGINE=InnoDB AUTO_INCREMENT=247 DEFAULT CHARSET=utf8 COLLATE=utf8_unicode_ci;
/*!40101 SET character_set_client = @saved_cs_client */;

LOCK TABLES `users` WRITE;
/*!40000 ALTER TABLE `users` DISABLE KEYS */;
INSERT INTO `users` VALUES (1,'snipeit@iks.it','$2y$10$PVxEFdryDYQoqsBGYKE9N.CcjYrwH8C5XI928N9Lmg/wxImt3Hj9y','{\"superuser\":1}',1,NULL,NULL,NULL,NULL,NULL,'Axel','Fury','2016-12-09 08:36:35','2017-02-02 14:39:02',NULL,NULL,NULL,NULL,NULL,NULL,NULL,NULL,NULL,NULL,'afury',NULL,NULL,'gWAaDS8fcn8QKS6cLRN1Ro7g5gHzWCLa63YyfLF9aLKSaxBG1McTBwzsAcXC',0,'en',1,NULL,0,0,NULL,NULL,NULL,NULL,NULL),(2,'Giulio.Triani@iks.it','$2y$10$DbuaYRRHhgvSuk4CQEfy.OKsNp0QBzltqGVwHeSLvrxNWpkp8mOue','{\"superuser\":\"1\",\"admin\":\"1\",\"reports.view\":\"1\",\"assets.view\":\"1\",\"assets.create\":\"1\",\"assets.edit\":\"1\",\"assets.delete\":\"1\",\"assets.checkin\":\"1\",\"assets.checkout\":\"1\",\"assets.view.requestable\":\"1\",\"accessories.view\":\"1\",\"accessories.create\":\"1\",\"accessories.edit\":\"1\",\"accessories.delete\":\"1\",\"accessories.checkout\":\"1\",\"accessories.checkin\":\"1\",\"consumables.view\":\"1\",\"consumables.create\":\"1\",\"consumables.edit\":\"1\",\"consumables.delete\":\"1\",\"consumables.checkout\":\"1\",\"licenses.view\":\"1\",\"licenses.create\":\"1\",\"licenses.edit\":\"1\",\"licenses.delete\":\"1\",\"licenses.checkout\":\"1\",\"licenses.keys\":\"1\",\"components.view\":\"1\",\"components.create\":\"1\",\"components.edit\":\"1\",\"components.delete\":\"1\",\"components.checkout\":\"1\",\"components.checkin\":\"1\",\"users.view\":\"1\",\"users.create\":\"1\",\"users.edit\":\"1\",\"users.delete\":\"1\",\"self.two_factor\":\"0\"}',1,NULL,NULL,NULL,NULL,NULL,'Giulio','Triani','2017-02-02 13:53:56','2017-10-26 13:15:24',NULL,'',NULL,'',1,'','',2,'',NULL,'gtriani','Imported from LDAP',1,'BZi1j39l4QJWVGGmb1cCYmcJHV89ViAEz2lw9FYVUHAoyGsRVJjigCkD3PVL',1,'en',1,NULL,0,0,NULL,NULL,NULL,NULL,NULL),(3,'Alessio.Parzian@xtn-lab.com','$2y$10$aTEZzjMdOQARKjfG7AZ.Y.l4OvtG0Fp4ozagBuuvCdRdVaVdjLzv6',NULL,1,NULL,NULL,NULL,NULL,NULL,'Alessio','Parzian','2017-02-02 14:20:42','2017-02-02 14:25:21','2017-02-02 14:25:21',NULL,NULL,NULL,0,NULL,NULL,NULL,'',NULL,'aparzian','Imported from LDAP',NULL,NULL,1,'en',1,NULL,0,0,NULL,NULL,NULL,NULL,NULL),(4,'Valentina.Mauri@xtn-lab.com','$2y$10$aTEZzjMdOQARKjfG7AZ.Y.l4OvtG0Fp4ozagBuuvCdRdVaVdjLzv6',NULL,1,NULL,NULL,NULL,NULL,NULL,'Valentina','Mauri','2017-02-02 14:20:42','2017-02-02 14:25:21','2017-02-02 14:25:21',NULL,NULL,NULL,0,NULL,NULL,NULL,'',NULL,'vmauri','Imported from LDAP',NULL,NULL,1,'en',1,NULL,0,0,NULL,NULL,NULL,NULL,NULL),(5,'Federico.DellaBona@xtn-lab.com','$2y$10$aTEZzjMdOQARKjfG7AZ.Y.l4OvtG0Fp4ozagBuuvCdRdVaVdjLzv6',NULL,1,NULL,NULL,NULL,NULL,NULL,'Federico','Della Bona','2017-02-02 14:20:42','2017-02-02 14:25:21','2017-02-02 14:25:21',NULL,NULL,NULL,0,NULL,NULL,NULL,'',NULL,'fdellabona','Imported from LDAP',NULL,NULL,1,'en',1,NULL,0,0,NULL,NULL,NULL,NULL,NULL),(6,'andrea.tiberi@iks.it','$2y$10$aTEZzjMdOQARKjfG7AZ.Y.l4OvtG0Fp4ozagBuuvCdRdVaVdjLzv6',NULL,1,NULL,NULL,NULL,NULL,NULL,'Andrea','Tiberi','2017-02-02 14:20:42','2017-02-02 14:25:21','2017-02-02 14:25:21',NULL,NULL,NULL,0,NULL,NULL,NULL,'',NULL,'atiberi','Imported from LDAP',NULL,NULL,1,'en',1,NULL,0,0,NULL,NULL,NULL,NULL,NULL),(7,'tobia.zorzan@iks.it','$2y$10$aTEZzjMdOQARKjfG7AZ.Y.l4OvtG0Fp4ozagBuuvCdRdVaVdjLzv6',NULL,1,NULL,NULL,NULL,NULL,NULL,'Tobia','Zorzan','2017-02-02 14:20:42','2017-02-02 14:25:21','2017-02-02 14:25:21',NULL,NULL,NULL,0,NULL,NULL,NULL,'',NULL,'tzorzan','Imported from LDAP',NULL,NULL,1,'en',1,NULL,0,0,NULL,NULL,NULL,NULL,NULL),(8,'irene.nicolini@iks.it','$2y$10$aTEZzjMdOQARKjfG7AZ.Y.l4OvtG0Fp4ozagBuuvCdRdVaVdjLzv6',NULL,1,NULL,NULL,NULL,NULL,NULL,'Irene','Nicolini','2017-02-02 14:20:42','2017-02-02 14:25:21','2017-02-02 14:25:21',NULL,NULL,NULL,0,NULL,NULL,NULL,'',NULL,'inicolini','Imported from LDAP',NULL,NULL,1,'en',1,NULL,0,0,NULL,NULL,NULL,NULL,NULL),(9,'riccardo.cardin@iks.it','$2y$10$aTEZzjMdOQARKjfG7AZ.Y.l4OvtG0Fp4ozagBuuvCdRdVaVdjLzv6',NULL,1,NULL,NULL,NULL,NULL,NULL,'Riccardo','Cardin','2017-02-02 14:20:42','2017-02-02 14:25:21','2017-02-02 14:25:21',NULL,NULL,NULL,0,NULL,NULL,NULL,'',NULL,'rcardin','Imported from LDAP',NULL,NULL,1,'en',1,NULL,0,0,NULL,NULL,NULL,NULL,NULL),(10,'Franca.Marinelli@xtn-lab.com','$2y$10$aTEZzjMdOQARKjfG7AZ.Y.l4OvtG0Fp4ozagBuuvCdRdVaVdjLzv6',NULL,1,NULL,NULL,NULL,NULL,NULL,'Franca','Marinelli','2017-02-02 14:20:42','2017-02-02 14:25:21','2017-02-02 14:25:21',NULL,NULL,NULL,0,NULL,NULL,NULL,'',NULL,'fmarinelli','Imported from LDAP',NULL,NULL,1,'en',1,NULL,0,0,NULL,NULL,NULL,NULL,NULL),(11,'Federico.Maggi@xtn-lab.com','$2y$10$aTEZzjMdOQARKjfG7AZ.Y.l4OvtG0Fp4ozagBuuvCdRdVaVdjLzv6',NULL,1,NULL,NULL,NULL,NULL,NULL,'Federico','Maggi','2017-02-02 14:20:42','2017-02-02 14:25:21','2017-02-02 14:25:21',NULL,NULL,NULL,0,NULL,NULL,NULL,'',NULL,'fmaggi','Imported from LDAP',NULL,NULL,1,'en',1,NULL,0,0,NULL,NULL,NULL,NULL,NULL),(12,'Andrea.Gardiman@xtn-lab.com','$2y$10$aTEZzjMdOQARKjfG7AZ.Y.l4OvtG0Fp4ozagBuuvCdRdVaVdjLzv6',NULL,1,NULL,NULL,NULL,NULL,NULL,'Andrea','Gardiman','2017-02-02 14:20:42','2017-02-02 14:25:21','2017-02-02 14:25:21',NULL,NULL,NULL,0,NULL,NULL,NULL,'',NULL,'agardiman','Imported from LDAP',NULL,NULL,1,'en',1,NULL,0,0,NULL,NULL,NULL,NULL,NULL),(13,'pierfrancesco.girolami@iks.it','$2y$10$aTEZzjMdOQARKjfG7AZ.Y.l4OvtG0Fp4ozagBuuvCdRdVaVdjLzv6',NULL,1,NULL,NULL,NULL,NULL,NULL,'Pierfrancesco','Girolami','2017-02-02 14:20:42','2017-02-02 14:25:21','2017-02-02 14:25:21',NULL,NULL,NULL,0,NULL,NULL,NULL,'',NULL,'pgirolami','Imported from LDAP',NULL,NULL,1,'en',1,NULL,0,0,NULL,NULL,NULL,NULL,NULL),(14,'alberto.bugna@iks.it','$2y$10$aTEZzjMdOQARKjfG7AZ.Y.l4OvtG0Fp4ozagBuuvCdRdVaVdjLzv6',NULL,1,NULL,NULL,NULL,NULL,NULL,'Alberto','Bugna','2017-02-02 14:20:42','2017-02-02 14:25:21','2017-02-02 14:25:21',NULL,NULL,NULL,0,NULL,NULL,NULL,'',NULL,'abugna','Imported from LDAP',NULL,NULL,1,'en',1,NULL,0,0,NULL,NULL,NULL,NULL,NULL),(15,'luigi.zhou@iks.it','$2y$10$aTEZzjMdOQARKjfG7AZ.Y.l4OvtG0Fp4ozagBuuvCdRdVaVdjLzv6',NULL,1,NULL,NULL,NULL,NULL,NULL,'Luigi','Zhou','2017-02-02 14:20:42','2017-02-02 14:25:21','2017-02-02 14:25:21',NULL,NULL,NULL,0,NULL,NULL,NULL,'',NULL,'lzhou','Imported from LDAP',NULL,NULL,1,'en',1,NULL,0,0,NULL,NULL,NULL,NULL,NULL),(16,'luca.rossato@iks.it','$2y$10$aTEZzjMdOQARKjfG7AZ.Y.l4OvtG0Fp4ozagBuuvCdRdVaVdjLzv6',NULL,1,NULL,NULL,NULL,NULL,NULL,'Luca','Rossato','2017-02-02 14:20:42','2017-02-02 14:25:21','2017-02-02 14:25:21',NULL,NULL,NULL,0,NULL,NULL,NULL,'',NULL,'lrossato','Imported from LDAP',NULL,NULL,1,'en',1,NULL,0,0,NULL,NULL,NULL,NULL,NULL),(17,'Luca.Vidali@iks.it','$2y$10$aTEZzjMdOQARKjfG7AZ.Y.l4OvtG0Fp4ozagBuuvCdRdVaVdjLzv6',NULL,1,NULL,NULL,NULL,NULL,NULL,'Luca','Vidali','2017-02-02 14:20:42','2017-02-02 14:25:21','2017-02-02 14:25:21',NULL,NULL,NULL,0,NULL,NULL,NULL,'',NULL,'lvidali','Imported from LDAP',NULL,NULL,1,'en',1,NULL,0,0,NULL,NULL,NULL,NULL,NULL),(18,'Chiara.Ceola@iks.it','$2y$10$aTEZzjMdOQARKjfG7AZ.Y.l4OvtG0Fp4ozagBuuvCdRdVaVdjLzv6',NULL,1,NULL,NULL,NULL,NULL,NULL,'Chiara','Ceola','2017-02-02 14:20:42','2017-02-02 14:25:21','2017-02-02 14:25:21',NULL,NULL,NULL,0,NULL,NULL,NULL,'',NULL,'cceola','Imported from LDAP',NULL,NULL,1,'en',1,NULL,0,0,NULL,NULL,NULL,NULL,NULL),(19,'Emanuele.Berengan@iks.it','$2y$10$aTEZzjMdOQARKjfG7AZ.Y.l4OvtG0Fp4ozagBuuvCdRdVaVdjLzv6',NULL,1,NULL,NULL,NULL,NULL,NULL,'Emanuele','Berengan','2017-02-02 14:20:42','2017-02-02 14:25:21','2017-02-02 14:25:21',NULL,NULL,NULL,0,NULL,NULL,NULL,'',NULL,'eberengan','Imported from LDAP',NULL,NULL,1,'en',1,NULL,0,0,NULL,NULL,NULL,NULL,NULL),(20,'giuseppe.pavan@iks.it','$2y$10$aTEZzjMdOQARKjfG7AZ.Y.l4OvtG0Fp4ozagBuuvCdRdVaVdjLzv6',NULL,1,NULL,NULL,NULL,NULL,NULL,'Giuseppe','Pavan','2017-02-02 14:20:42','2017-02-02 14:25:21','2017-02-02 14:25:21',NULL,NULL,NULL,0,NULL,NULL,NULL,'',NULL,'gpavan','Imported from LDAP',NULL,NULL,1,'en',1,NULL,0,0,NULL,NULL,NULL,NULL,NULL),(21,'Francesco.Cavasin@iks.it','$2y$10$aTEZzjMdOQARKjfG7AZ.Y.l4OvtG0Fp4ozagBuuvCdRdVaVdjLzv6',NULL,1,NULL,NULL,NULL,NULL,NULL,'Francesco','Cavasin','2017-02-02 14:20:42','2017-02-02 14:25:21','2017-02-02 14:25:21',NULL,NULL,NULL,0,NULL,NULL,NULL,'',NULL,'fcavasin','Imported from LDAP',NULL,NULL,1,'en',1,NULL,0,0,NULL,NULL,NULL,NULL,NULL),(22,'Enrica.Cornacchione@iks.it','$2y$10$aTEZzjMdOQARKjfG7AZ.Y.l4OvtG0Fp4ozagBuuvCdRdVaVdjLzv6',NULL,1,NULL,NULL,NULL,NULL,NULL,'Enrica','Cornacchione','2017-02-02 14:20:42','2017-02-02 14:25:21','2017-02-02 14:25:21',NULL,NULL,NULL,0,NULL,NULL,NULL,'',NULL,'ecornacchione','Imported from LDAP',NULL,NULL,1,'en',1,NULL,0,0,NULL,NULL,NULL,NULL,NULL),(23,'info@giacomolacquaniti.com','$2y$10$aTEZzjMdOQARKjfG7AZ.Y.l4OvtG0Fp4ozagBuuvCdRdVaVdjLzv6',NULL,1,NULL,NULL,NULL,NULL,NULL,'Giacomo','Lacquaniti','2017-02-02 14:20:42','2017-02-02 14:25:21','2017-02-02 14:25:21',NULL,NULL,NULL,0,NULL,NULL,NULL,'',NULL,'glacquaniti','Imported from LDAP',NULL,NULL,1,'en',1,NULL,0,0,NULL,NULL,NULL,NULL,NULL),(24,'Enrico.Frigo@iks.it','$2y$10$aTEZzjMdOQARKjfG7AZ.Y.l4OvtG0Fp4ozagBuuvCdRdVaVdjLzv6',NULL,1,NULL,NULL,NULL,NULL,NULL,'Enrico','Frigo','2017-02-02 14:20:42','2017-02-02 14:25:21','2017-02-02 14:25:21',NULL,NULL,NULL,0,NULL,NULL,NULL,'',NULL,'efrigo','Imported from LDAP',NULL,NULL,1,'en',1,NULL,0,0,NULL,NULL,NULL,NULL,NULL),(25,'Alessandro.Zambrini@iks.it','$2y$10$aTEZzjMdOQARKjfG7AZ.Y.l4OvtG0Fp4ozagBuuvCdRdVaVdjLzv6',NULL,1,NULL,NULL,NULL,NULL,NULL,'Alessandro','Zambrini','2017-02-02 14:20:42','2017-02-02 14:25:21','2017-02-02 14:25:21',NULL,NULL,NULL,0,NULL,NULL,NULL,'',NULL,'AZambrini','Imported from LDAP',NULL,NULL,1,'en',1,NULL,0,0,NULL,NULL,NULL,NULL,NULL),(26,'Loris.Balocco@iks.it','$2y$10$aTEZzjMdOQARKjfG7AZ.Y.l4OvtG0Fp4ozagBuuvCdRdVaVdjLzv6',NULL,1,NULL,NULL,NULL,NULL,NULL,'Loris','Balocco','2017-02-02 14:20:42','2017-02-02 14:25:21','2017-02-02 14:25:21',NULL,NULL,NULL,0,NULL,NULL,NULL,'',NULL,'lbalocco','Imported from LDAP',NULL,NULL,1,'en',1,NULL,0,0,NULL,NULL,NULL,NULL,NULL),(27,'','$2y$10$aTEZzjMdOQARKjfG7AZ.Y.l4OvtG0Fp4ozagBuuvCdRdVaVdjLzv6',NULL,1,NULL,NULL,NULL,NULL,NULL,'Test','SLI','2017-02-02 14:20:42','2017-02-02 14:25:21','2017-02-02 14:25:21',NULL,NULL,NULL,0,NULL,NULL,NULL,'',NULL,'testsli','Imported from LDAP',NULL,NULL,1,'en',1,NULL,0,0,NULL,NULL,NULL,NULL,NULL),(28,'Luca.Casari@iks.it','$2y$10$aTEZzjMdOQARKjfG7AZ.Y.l4OvtG0Fp4ozagBuuvCdRdVaVdjLzv6',NULL,1,NULL,NULL,NULL,NULL,NULL,'Luca','Casari','2017-02-02 14:20:42','2017-02-02 14:25:21','2017-02-02 14:25:21',NULL,NULL,NULL,0,NULL,NULL,NULL,'',NULL,'lcasari','Imported from LDAP',NULL,NULL,1,'en',1,NULL,0,0,NULL,NULL,NULL,NULL,NULL),(29,'sead.musa@iks.it','$2y$10$aTEZzjMdOQARKjfG7AZ.Y.l4OvtG0Fp4ozagBuuvCdRdVaVdjLzv6',NULL,1,NULL,NULL,NULL,NULL,NULL,'Sead','Musa','2017-02-02 14:20:42','2017-02-02 14:25:21','2017-02-02 14:25:21',NULL,NULL,NULL,0,NULL,NULL,NULL,'',NULL,'smusa','Imported from LDAP',NULL,NULL,1,'en',1,NULL,0,0,NULL,NULL,NULL,NULL,NULL),(30,'margherita.lapolla@iks.it','$2y$10$aTEZzjMdOQARKjfG7AZ.Y.l4OvtG0Fp4ozagBuuvCdRdVaVdjLzv6',NULL,1,NULL,NULL,NULL,NULL,NULL,'Margherita','Lapolla','2017-02-02 14:20:42','2017-02-02 14:25:21','2017-02-02 14:25:21',NULL,NULL,NULL,0,NULL,NULL,NULL,'',NULL,'mlapolla','Imported from LDAP',NULL,NULL,1,'en',1,NULL,0,0,NULL,NULL,NULL,NULL,NULL),(31,'martina.benedetto@iks.it','$2y$10$aTEZzjMdOQARKjfG7AZ.Y.l4OvtG0Fp4ozagBuuvCdRdVaVdjLzv6',NULL,1,NULL,NULL,NULL,NULL,NULL,'Martina','Benedetto','2017-02-02 14:20:42','2017-02-02 14:25:21','2017-02-02 14:25:21',NULL,NULL,NULL,0,NULL,NULL,NULL,'',NULL,'mbenedetto','Imported from LDAP',NULL,NULL,1,'en',1,NULL,0,0,NULL,NULL,NULL,NULL,NULL),(32,'nicolo.calzavara@iks.it','$2y$10$aTEZzjMdOQARKjfG7AZ.Y.l4OvtG0Fp4ozagBuuvCdRdVaVdjLzv6',NULL,1,NULL,NULL,NULL,NULL,NULL,'Nicol&ograve;','Calzavara','2017-02-02 14:20:42','2017-02-02 14:25:21','2017-02-02 14:25:21',NULL,NULL,NULL,0,NULL,NULL,NULL,'',NULL,'ncalzavara','Imported from LDAP',NULL,NULL,1,'en',1,NULL,0,0,NULL,NULL,NULL,NULL,NULL),(33,'Maurizio.Tabuso@iks.it','$2y$10$aTEZzjMdOQARKjfG7AZ.Y.l4OvtG0Fp4ozagBuuvCdRdVaVdjLzv6',NULL,1,NULL,NULL,NULL,NULL,NULL,'Maurizio','Tabuso','2017-02-02 14:20:42','2017-02-02 14:25:21','2017-02-02 14:25:21',NULL,NULL,NULL,0,NULL,NULL,NULL,'',NULL,'mtabuso','Imported from LDAP',NULL,NULL,1,'en',1,NULL,0,0,NULL,NULL,NULL,NULL,NULL),(34,'elena.forin@iks.it','$2y$10$aTEZzjMdOQARKjfG7AZ.Y.l4OvtG0Fp4ozagBuuvCdRdVaVdjLzv6',NULL,1,NULL,NULL,NULL,NULL,NULL,'Elena','Forin','2017-02-02 14:20:42','2017-02-02 14:25:21','2017-02-02 14:25:21',NULL,NULL,NULL,0,NULL,NULL,NULL,'',NULL,'eforin','Imported from LDAP',NULL,NULL,1,'en',1,NULL,0,0,NULL,NULL,NULL,NULL,NULL),(35,'giuseppe.deluca@iks.it','$2y$10$aTEZzjMdOQARKjfG7AZ.Y.l4OvtG0Fp4ozagBuuvCdRdVaVdjLzv6',NULL,1,NULL,NULL,NULL,NULL,NULL,'Giuseppe','De Luca','2017-02-02 14:20:42','2017-02-02 14:25:21','2017-02-02 14:25:21',NULL,NULL,NULL,0,NULL,NULL,NULL,'',NULL,'gdeluca','Imported from LDAP',NULL,NULL,1,'en',1,NULL,0,0,NULL,NULL,NULL,NULL,NULL),(36,'narcisa.contor@iks.it','$2y$10$aTEZzjMdOQARKjfG7AZ.Y.l4OvtG0Fp4ozagBuuvCdRdVaVdjLzv6',NULL,1,NULL,NULL,NULL,NULL,NULL,'Narcisa','Contor','2017-02-02 14:20:42','2017-02-02 14:25:21','2017-02-02 14:25:21',NULL,NULL,NULL,0,NULL,NULL,NULL,'',NULL,'ncontor','Imported from LDAP',NULL,NULL,1,'en',1,NULL,0,0,NULL,NULL,NULL,NULL,NULL),(37,'Roberto.Castellani@iks.it','$2y$10$aTEZzjMdOQARKjfG7AZ.Y.l4OvtG0Fp4ozagBuuvCdRdVaVdjLzv6',NULL,1,NULL,NULL,NULL,NULL,NULL,'Roberto','Castellani','2017-02-02 14:20:42','2017-02-02 14:25:21','2017-02-02 14:25:21',NULL,NULL,NULL,0,NULL,NULL,NULL,'',NULL,'rcastellani','Imported from LDAP',NULL,NULL,1,'en',1,NULL,0,0,NULL,NULL,NULL,NULL,NULL),(38,'andrea.lucon@iks.it','$2y$10$aTEZzjMdOQARKjfG7AZ.Y.l4OvtG0Fp4ozagBuuvCdRdVaVdjLzv6',NULL,1,NULL,NULL,NULL,NULL,NULL,'Andrea','Lucon','2017-02-02 14:20:42','2017-02-02 14:25:21','2017-02-02 14:25:21',NULL,NULL,NULL,0,NULL,NULL,NULL,'',NULL,'alucon','Imported from LDAP',NULL,NULL,1,'en',1,NULL,0,0,NULL,NULL,NULL,NULL,NULL),(39,'Riccardo.Pilatti@iks.it','$2y$10$aTEZzjMdOQARKjfG7AZ.Y.l4OvtG0Fp4ozagBuuvCdRdVaVdjLzv6',NULL,1,NULL,NULL,NULL,NULL,NULL,'Riccardo','Pilatti','2017-02-02 14:20:42','2017-02-02 14:25:21','2017-02-02 14:25:21',NULL,NULL,NULL,0,NULL,NULL,NULL,'',NULL,'rpilatti','Imported from LDAP',NULL,NULL,1,'en',1,NULL,0,0,NULL,NULL,NULL,NULL,NULL),(40,'Simone.Maniero@iks.it','$2y$10$aTEZzjMdOQARKjfG7AZ.Y.l4OvtG0Fp4ozagBuuvCdRdVaVdjLzv6',NULL,1,NULL,NULL,NULL,NULL,NULL,'Simone','Maniero','2017-02-02 14:20:42','2017-02-02 14:25:21','2017-02-02 14:25:21',NULL,NULL,NULL,0,NULL,NULL,NULL,'',NULL,'smaniero','Imported from LDAP',NULL,NULL,1,'en',1,NULL,0,0,NULL,NULL,NULL,NULL,NULL),(41,'Stefano.Ranzato@iks.it','$2y$10$aTEZzjMdOQARKjfG7AZ.Y.l4OvtG0Fp4ozagBuuvCdRdVaVdjLzv6',NULL,1,NULL,NULL,NULL,NULL,NULL,'Stefano','Ranzato','2017-02-02 14:20:42','2017-02-02 14:25:21','2017-02-02 14:25:21',NULL,NULL,NULL,0,NULL,NULL,NULL,'',NULL,'sranzato','Imported from LDAP',NULL,NULL,1,'en',1,NULL,0,0,NULL,NULL,NULL,NULL,NULL),(42,'Michele.Costantini@iks.it','$2y$10$aTEZzjMdOQARKjfG7AZ.Y.l4OvtG0Fp4ozagBuuvCdRdVaVdjLzv6',NULL,1,NULL,NULL,NULL,NULL,NULL,'Michele','Costantini','2017-02-02 14:20:42','2017-02-02 14:25:21','2017-02-02 14:25:21',NULL,NULL,NULL,0,NULL,NULL,NULL,'',NULL,'mcostantini','Imported from LDAP',NULL,NULL,1,'en',1,NULL,0,0,NULL,NULL,NULL,NULL,NULL),(43,'Francesco.Guzzo@iks.it','$2y$10$aTEZzjMdOQARKjfG7AZ.Y.l4OvtG0Fp4ozagBuuvCdRdVaVdjLzv6',NULL,1,NULL,NULL,NULL,NULL,NULL,'Francesco','Guzzo','2017-02-02 14:20:42','2017-02-02 14:25:21','2017-02-02 14:25:21',NULL,NULL,NULL,0,NULL,NULL,NULL,'',NULL,'fguzzo','Imported from LDAP',NULL,NULL,1,'en',1,NULL,0,0,NULL,NULL,NULL,NULL,NULL),(44,'Alessandro.Busatto@iks.it','$2y$10$aTEZzjMdOQARKjfG7AZ.Y.l4OvtG0Fp4ozagBuuvCdRdVaVdjLzv6',NULL,1,NULL,NULL,NULL,NULL,NULL,'Alessandro','Busatto','2017-02-02 14:20:42','2017-02-02 14:25:21','2017-02-02 14:25:21',NULL,NULL,NULL,0,NULL,NULL,NULL,'',NULL,'abusatto','Imported from LDAP',NULL,NULL,1,'en',1,NULL,0,0,NULL,NULL,NULL,NULL,NULL),(45,'Marco.Cuccato@iks.it','$2y$10$aTEZzjMdOQARKjfG7AZ.Y.l4OvtG0Fp4ozagBuuvCdRdVaVdjLzv6',NULL,1,NULL,NULL,NULL,NULL,NULL,'Marco','Cuccato','2017-02-02 14:20:42','2017-02-02 14:25:21','2017-02-02 14:25:21',NULL,NULL,NULL,0,NULL,NULL,NULL,'',NULL,'mcuccato','Imported from LDAP',NULL,NULL,1,'en',1,NULL,0,0,NULL,NULL,NULL,NULL,NULL),(46,'Marco.Schiavon@kimaps.com','$2y$10$aTEZzjMdOQARKjfG7AZ.Y.l4OvtG0Fp4ozagBuuvCdRdVaVdjLzv6',NULL,1,NULL,NULL,NULL,NULL,NULL,'Marco','Schiavon','2017-02-02 14:20:42','2017-02-02 14:25:21','2017-02-02 14:25:21',NULL,NULL,NULL,0,NULL,NULL,NULL,'',NULL,'mschiavon','Imported from LDAP',NULL,NULL,1,'en',1,NULL,0,0,NULL,NULL,NULL,NULL,NULL),(47,'michele.tollin@iks.it','$2y$10$aTEZzjMdOQARKjfG7AZ.Y.l4OvtG0Fp4ozagBuuvCdRdVaVdjLzv6',NULL,1,NULL,NULL,NULL,NULL,NULL,'Michele','Tollin','2017-02-02 14:20:42','2017-02-02 14:25:21','2017-02-02 14:25:21',NULL,NULL,NULL,0,NULL,NULL,NULL,'',NULL,'mtollin','Imported from LDAP',NULL,NULL,1,'en',1,NULL,0,0,NULL,NULL,NULL,NULL,NULL),(48,'enrico.frescura@iks.it','$2y$10$aTEZzjMdOQARKjfG7AZ.Y.l4OvtG0Fp4ozagBuuvCdRdVaVdjLzv6',NULL,1,NULL,NULL,NULL,NULL,NULL,'Enrico','Frescura','2017-02-02 14:20:42','2017-02-02 14:25:21','2017-02-02 14:25:21',NULL,NULL,NULL,0,NULL,NULL,NULL,'',NULL,'efrescura','Imported from LDAP',NULL,NULL,1,'en',1,NULL,0,0,NULL,NULL,NULL,NULL,NULL),(49,'claudia.rampazzo@iks.it','$2y$10$aTEZzjMdOQARKjfG7AZ.Y.l4OvtG0Fp4ozagBuuvCdRdVaVdjLzv6',NULL,1,NULL,NULL,NULL,NULL,NULL,'Claudia','Rampazzo','2017-02-02 14:20:42','2017-02-02 14:25:21','2017-02-02 14:25:21',NULL,NULL,NULL,0,NULL,NULL,NULL,'',NULL,'crampazzo','Imported from LDAP',NULL,NULL,1,'en',1,NULL,0,0,NULL,NULL,NULL,NULL,NULL),(50,'damiano.peres@iks.it','$2y$10$aTEZzjMdOQARKjfG7AZ.Y.l4OvtG0Fp4ozagBuuvCdRdVaVdjLzv6',NULL,1,NULL,NULL,NULL,NULL,NULL,'Damiano','Peres','2017-02-02 14:20:42','2017-02-02 14:25:21','2017-02-02 14:25:21',NULL,NULL,NULL,0,NULL,NULL,NULL,'',NULL,'dperes','Imported from LDAP',NULL,NULL,1,'en',1,NULL,0,0,NULL,NULL,NULL,NULL,NULL),(51,'carlo.pluti@gmail.com','$2y$10$aTEZzjMdOQARKjfG7AZ.Y.l4OvtG0Fp4ozagBuuvCdRdVaVdjLzv6',NULL,1,NULL,NULL,NULL,NULL,NULL,'Carlo','Pluti','2017-02-02 14:20:42','2017-02-02 14:25:21','2017-02-02 14:25:21',NULL,NULL,NULL,0,NULL,NULL,NULL,'',NULL,'cpluti','Imported from LDAP',NULL,NULL,1,'en',1,NULL,0,0,NULL,NULL,NULL,NULL,NULL),(52,'gioele.stragliotto@gmail.com','$2y$10$aTEZzjMdOQARKjfG7AZ.Y.l4OvtG0Fp4ozagBuuvCdRdVaVdjLzv6',NULL,1,NULL,NULL,NULL,NULL,NULL,'Gioele','Stragliotto','2017-02-02 14:20:42','2017-02-02 14:25:21','2017-02-02 14:25:21',NULL,NULL,NULL,0,NULL,NULL,NULL,'',NULL,'gstragliotto','Imported from LDAP',NULL,NULL,1,'en',1,NULL,0,0,NULL,NULL,NULL,NULL,NULL),(53,'beatrice.licciardello@iks.it','$2y$10$aTEZzjMdOQARKjfG7AZ.Y.l4OvtG0Fp4ozagBuuvCdRdVaVdjLzv6',NULL,1,NULL,NULL,NULL,NULL,NULL,'Beatrice','Licciardello','2017-02-02 14:20:42','2017-02-02 14:25:21','2017-02-02 14:25:21',NULL,NULL,NULL,0,NULL,NULL,NULL,'',NULL,'blicciardello','Imported from LDAP',NULL,NULL,1,'en',1,NULL,0,0,NULL,NULL,NULL,NULL,NULL),(54,'Fabrizio.Barison@iks.it','$2y$10$aTEZzjMdOQARKjfG7AZ.Y.l4OvtG0Fp4ozagBuuvCdRdVaVdjLzv6',NULL,1,NULL,NULL,NULL,NULL,NULL,'Fabrizio','Barison','2017-02-02 14:20:42','2017-02-02 14:25:21','2017-02-02 14:25:21',NULL,NULL,NULL,0,NULL,NULL,NULL,'',NULL,'fbarison','Imported from LDAP',NULL,NULL,1,'en',1,NULL,0,0,NULL,NULL,NULL,NULL,NULL),(55,'giorgio.traldi@iks.it','$2y$10$aTEZzjMdOQARKjfG7AZ.Y.l4OvtG0Fp4ozagBuuvCdRdVaVdjLzv6',NULL,1,NULL,NULL,NULL,NULL,NULL,'Giorgio','Traldi','2017-02-02 14:20:42','2017-02-02 14:25:21','2017-02-02 14:25:21',NULL,NULL,NULL,0,NULL,NULL,NULL,'',NULL,'gtraldi','Imported from LDAP',NULL,NULL,1,'en',1,NULL,0,0,NULL,NULL,NULL,NULL,NULL),(56,'enrico.martinello@iks.it','$2y$10$aTEZzjMdOQARKjfG7AZ.Y.l4OvtG0Fp4ozagBuuvCdRdVaVdjLzv6',NULL,1,NULL,NULL,NULL,NULL,NULL,'Enrico','Martinello','2017-02-02 14:20:42','2017-02-02 14:25:21','2017-02-02 14:25:21',NULL,NULL,NULL,0,NULL,NULL,NULL,'',NULL,'emartinello','Imported from LDAP',NULL,NULL,1,'en',1,NULL,0,0,NULL,NULL,NULL,NULL,NULL),(57,'mattia.rabbi@iks.it','$2y$10$aTEZzjMdOQARKjfG7AZ.Y.l4OvtG0Fp4ozagBuuvCdRdVaVdjLzv6',NULL,1,NULL,NULL,NULL,NULL,NULL,'Mattia','Rabbi','2017-02-02 14:20:42','2017-02-02 14:25:21','2017-02-02 14:25:21',NULL,NULL,NULL,0,NULL,NULL,NULL,'',NULL,'mrabbi','Imported from LDAP',NULL,NULL,1,'en',1,NULL,0,0,NULL,NULL,NULL,NULL,NULL),(58,'massimiliano.rango@iks.it','$2y$10$aTEZzjMdOQARKjfG7AZ.Y.l4OvtG0Fp4ozagBuuvCdRdVaVdjLzv6',NULL,1,NULL,NULL,NULL,NULL,NULL,'Massimiliano','Rango','2017-02-02 14:20:42','2017-02-02 14:25:21','2017-02-02 14:25:21',NULL,NULL,NULL,0,NULL,NULL,NULL,'',NULL,'mrango','Imported from LDAP',NULL,NULL,1,'en',1,NULL,0,0,NULL,NULL,NULL,NULL,NULL),(59,'nicola.bortolato@iks.it','$2y$10$aTEZzjMdOQARKjfG7AZ.Y.l4OvtG0Fp4ozagBuuvCdRdVaVdjLzv6',NULL,1,NULL,NULL,NULL,NULL,NULL,'Nicola','Bortolato','2017-02-02 14:20:42','2017-02-02 14:25:21','2017-02-02 14:25:21',NULL,NULL,NULL,0,NULL,NULL,NULL,'',NULL,'nbortolato','Imported from LDAP',NULL,NULL,1,'en',1,NULL,0,0,NULL,NULL,NULL,NULL,NULL),(60,'Emiliano.Peron@iks.it','$2y$10$aTEZzjMdOQARKjfG7AZ.Y.l4OvtG0Fp4ozagBuuvCdRdVaVdjLzv6',NULL,1,NULL,NULL,NULL,NULL,NULL,'Emiliano','Peron','2017-02-02 14:20:42','2017-02-02 14:25:21','2017-02-02 14:25:21',NULL,NULL,NULL,0,NULL,NULL,NULL,'',NULL,'EPeron','Imported from LDAP',NULL,NULL,1,'en',1,NULL,0,0,NULL,NULL,NULL,NULL,NULL),(61,'simone.carriero@iks.it','$2y$10$aTEZzjMdOQARKjfG7AZ.Y.l4OvtG0Fp4ozagBuuvCdRdVaVdjLzv6',NULL,1,NULL,NULL,NULL,NULL,NULL,'Simone','Carriero','2017-02-02 14:20:42','2017-02-02 14:25:21','2017-02-02 14:25:21',NULL,NULL,NULL,0,NULL,NULL,NULL,'',NULL,'scarriero','Imported from LDAP',NULL,NULL,1,'en',1,NULL,0,0,NULL,NULL,NULL,NULL,NULL),(62,'Giulio.Soleni@iks.it','$2y$10$aTEZzjMdOQARKjfG7AZ.Y.l4OvtG0Fp4ozagBuuvCdRdVaVdjLzv6',NULL,1,NULL,NULL,NULL,NULL,NULL,'Giulio','Soleni','2017-02-02 14:20:42','2017-02-02 14:25:21','2017-02-02 14:25:21',NULL,NULL,NULL,0,NULL,NULL,NULL,'',NULL,'gsoleni','Imported from LDAP',NULL,NULL,1,'en',1,NULL,0,0,NULL,NULL,NULL,NULL,NULL),(63,'prova.ad1@iks.it','$2y$10$aTEZzjMdOQARKjfG7AZ.Y.l4OvtG0Fp4ozagBuuvCdRdVaVdjLzv6',NULL,1,NULL,NULL,NULL,NULL,NULL,'Prova','AD1','2017-02-02 14:20:42','2017-02-02 14:25:21','2017-02-02 14:25:21',NULL,NULL,NULL,0,NULL,NULL,NULL,'',NULL,'provaAD1','Imported from LDAP',NULL,NULL,1,'en',1,NULL,0,0,NULL,NULL,NULL,NULL,NULL),(64,'anna.scarda@iks.it','$2y$10$aTEZzjMdOQARKjfG7AZ.Y.l4OvtG0Fp4ozagBuuvCdRdVaVdjLzv6',NULL,1,NULL,NULL,NULL,NULL,NULL,'Anna','Scarda','2017-02-02 14:20:42','2017-02-02 14:25:21','2017-02-02 14:25:21',NULL,NULL,NULL,0,NULL,NULL,NULL,'',NULL,'ascarda','Imported from LDAP',NULL,NULL,1,'en',1,NULL,0,0,NULL,NULL,NULL,NULL,NULL),(65,'Massimo.Manzato@iks.it','$2y$10$aTEZzjMdOQARKjfG7AZ.Y.l4OvtG0Fp4ozagBuuvCdRdVaVdjLzv6',NULL,1,NULL,NULL,NULL,NULL,NULL,'Massimo','Manzato','2017-02-02 14:20:42','2017-02-02 14:25:21','2017-02-02 14:25:21',NULL,NULL,NULL,0,NULL,NULL,NULL,'',NULL,'MManzato','Imported from LDAP',NULL,NULL,1,'en',1,NULL,0,0,NULL,NULL,NULL,NULL,NULL),(66,'stefano.marchetti@iks.it','$2y$10$aTEZzjMdOQARKjfG7AZ.Y.l4OvtG0Fp4ozagBuuvCdRdVaVdjLzv6',NULL,1,NULL,NULL,NULL,NULL,NULL,'Stefano','Marchetti','2017-02-02 14:20:42','2017-02-02 14:25:21','2017-02-02 14:25:21',NULL,NULL,NULL,0,NULL,NULL,NULL,'',NULL,'smarchetti','Imported from LDAP',NULL,NULL,1,'en',1,NULL,0,0,NULL,NULL,NULL,NULL,NULL),(67,'','$2y$10$aTEZzjMdOQARKjfG7AZ.Y.l4OvtG0Fp4ozagBuuvCdRdVaVdjLzv6',NULL,1,NULL,NULL,NULL,NULL,NULL,'Daniele','Mancini','2017-02-02 14:20:42','2017-02-02 14:25:21','2017-02-02 14:25:21',NULL,NULL,NULL,0,NULL,NULL,NULL,'',NULL,'d.mancini','Imported from LDAP',NULL,NULL,1,'en',1,NULL,0,0,NULL,NULL,NULL,NULL,NULL),(68,'alberto.palazzin@iks.it','$2y$10$aTEZzjMdOQARKjfG7AZ.Y.l4OvtG0Fp4ozagBuuvCdRdVaVdjLzv6',NULL,1,NULL,NULL,NULL,NULL,NULL,'Alberto','Palazzin','2017-02-02 14:20:42','2017-02-02 14:25:21','2017-02-02 14:25:21',NULL,NULL,NULL,0,NULL,NULL,NULL,'',NULL,'apalazzin','Imported from LDAP',NULL,NULL,1,'en',1,NULL,0,0,NULL,NULL,NULL,NULL,NULL),(69,'','$2y$10$aTEZzjMdOQARKjfG7AZ.Y.l4OvtG0Fp4ozagBuuvCdRdVaVdjLzv6',NULL,1,NULL,NULL,NULL,NULL,NULL,'MMEtest','','2017-02-02 14:20:42','2017-02-02 14:25:21','2017-02-02 14:25:21',NULL,NULL,NULL,0,NULL,NULL,NULL,'',NULL,'testmme','Imported from LDAP',NULL,NULL,1,'en',1,NULL,0,0,NULL,NULL,NULL,NULL,NULL),(70,'mario.delmonaco@iks.it','$2y$10$aTEZzjMdOQARKjfG7AZ.Y.l4OvtG0Fp4ozagBuuvCdRdVaVdjLzv6',NULL,1,NULL,NULL,NULL,NULL,NULL,'Mario','Delmonaco','2017-02-02 14:20:42','2017-02-02 14:25:21','2017-02-02 14:25:21',NULL,NULL,NULL,0,NULL,NULL,NULL,'',NULL,'mdelmonaco','Imported from LDAP',NULL,NULL,1,'en',1,NULL,0,0,NULL,NULL,NULL,NULL,NULL),(71,'Paolo.Pittarello@xtn-lab.com','$2y$10$aTEZzjMdOQARKjfG7AZ.Y.l4OvtG0Fp4ozagBuuvCdRdVaVdjLzv6',NULL,1,NULL,NULL,NULL,NULL,NULL,'Paolo','Pittarello','2017-02-02 14:20:42','2017-02-02 14:25:21','2017-02-02 14:25:21',NULL,NULL,NULL,0,NULL,NULL,NULL,'',NULL,'ppittarello-xtn-lab','Imported from LDAP',NULL,NULL,1,'en',1,NULL,0,0,NULL,NULL,NULL,NULL,NULL),(72,'Paolo.Pittarello@iks.it','$2y$10$aTEZzjMdOQARKjfG7AZ.Y.l4OvtG0Fp4ozagBuuvCdRdVaVdjLzv6',NULL,1,NULL,NULL,NULL,NULL,NULL,'Paolo','Pittarello','2017-02-02 14:20:42','2017-02-02 14:25:21','2017-02-02 14:25:21',NULL,NULL,NULL,0,NULL,NULL,NULL,'',NULL,'PPittarello','Imported from LDAP',NULL,NULL,1,'en',1,NULL,0,0,NULL,NULL,NULL,NULL,NULL),(73,'Andrea.Mattioli@iks.it','$2y$10$aTEZzjMdOQARKjfG7AZ.Y.l4OvtG0Fp4ozagBuuvCdRdVaVdjLzv6',NULL,1,NULL,NULL,NULL,NULL,NULL,'Andrea','Mattioli','2017-02-02 14:20:42','2017-02-02 14:25:21','2017-02-02 14:25:21',NULL,NULL,NULL,0,NULL,NULL,NULL,'',NULL,'amattioli','Imported from LDAP',NULL,NULL,1,'en',1,NULL,0,0,NULL,NULL,NULL,NULL,NULL),(74,'laura.bertin@iks.it','$2y$10$aTEZzjMdOQARKjfG7AZ.Y.l4OvtG0Fp4ozagBuuvCdRdVaVdjLzv6',NULL,1,NULL,NULL,NULL,NULL,NULL,'Laura','Bertin','2017-02-02 14:20:42','2017-02-02 14:25:21','2017-02-02 14:25:21',NULL,NULL,NULL,0,NULL,NULL,NULL,'',NULL,'lbertin','Imported from LDAP',NULL,NULL,1,'en',1,NULL,0,0,NULL,NULL,NULL,NULL,NULL),(75,'Andrea.Scarpa@iks.it','$2y$10$aTEZzjMdOQARKjfG7AZ.Y.l4OvtG0Fp4ozagBuuvCdRdVaVdjLzv6',NULL,1,NULL,NULL,NULL,NULL,NULL,'Andrea','Scarpa','2017-02-02 14:20:42','2017-02-02 14:25:21','2017-02-02 14:25:21',NULL,NULL,NULL,0,NULL,NULL,NULL,'',NULL,'AScarpa','Imported from LDAP',NULL,NULL,1,'en',1,NULL,0,0,NULL,NULL,NULL,NULL,NULL),(76,'Michele.Zoia@iks.it','$2y$10$aTEZzjMdOQARKjfG7AZ.Y.l4OvtG0Fp4ozagBuuvCdRdVaVdjLzv6',NULL,1,NULL,NULL,NULL,NULL,NULL,'Michele','Zoia','2017-02-02 14:20:42','2017-02-02 14:25:21','2017-02-02 14:25:21',NULL,NULL,NULL,0,NULL,NULL,NULL,'',NULL,'MZoia','Imported from LDAP',NULL,NULL,1,'en',1,NULL,0,0,NULL,NULL,NULL,NULL,NULL),(77,'Stefano.Bertolin@iks.it','$2y$10$aTEZzjMdOQARKjfG7AZ.Y.l4OvtG0Fp4ozagBuuvCdRdVaVdjLzv6',NULL,1,NULL,NULL,NULL,NULL,NULL,'Stefano','Bertolin','2017-02-02 14:20:42','2017-02-02 14:25:21','2017-02-02 14:25:21',NULL,NULL,NULL,0,NULL,NULL,NULL,'',NULL,'sbertolin','Imported from LDAP',NULL,NULL,1,'en',1,NULL,0,0,NULL,NULL,NULL,NULL,NULL),(78,'mario.rossi@iks.it','$2y$10$aTEZzjMdOQARKjfG7AZ.Y.l4OvtG0Fp4ozagBuuvCdRdVaVdjLzv6',NULL,1,NULL,NULL,NULL,NULL,NULL,'Emanuele','Rossi','2017-02-02 14:20:42','2017-02-02 14:25:21','2017-02-02 14:25:21',NULL,NULL,NULL,0,NULL,NULL,NULL,'',NULL,'erossi','Imported from LDAP',NULL,NULL,1,'en',1,NULL,0,0,NULL,NULL,NULL,NULL,NULL),(79,'','$2y$10$aTEZzjMdOQARKjfG7AZ.Y.l4OvtG0Fp4ozagBuuvCdRdVaVdjLzv6',NULL,1,NULL,NULL,NULL,NULL,NULL,'HealthAnalyzerVmware','Vmware','2017-02-02 14:20:42','2017-02-02 14:25:21','2017-02-02 14:25:21',NULL,NULL,NULL,0,NULL,NULL,NULL,'',NULL,'HealthAnalyzerVmware','Imported from LDAP',NULL,NULL,1,'en',1,NULL,0,0,NULL,NULL,NULL,NULL,NULL),(80,'','$2y$10$aTEZzjMdOQARKjfG7AZ.Y.l4OvtG0Fp4ozagBuuvCdRdVaVdjLzv6',NULL,1,NULL,NULL,NULL,NULL,NULL,'guest','navigazione','2017-02-02 14:20:42','2017-02-02 14:25:21','2017-02-02 14:25:21',NULL,NULL,NULL,0,NULL,NULL,NULL,'',NULL,'guest-wifi','Imported from LDAP',NULL,NULL,1,'en',1,NULL,0,0,NULL,NULL,NULL,NULL,NULL),(81,'lino.rizzo@iks.it','$2y$10$aTEZzjMdOQARKjfG7AZ.Y.l4OvtG0Fp4ozagBuuvCdRdVaVdjLzv6',NULL,1,NULL,NULL,NULL,NULL,NULL,'Lino','Rizzo','2017-02-02 14:20:42','2017-02-02 14:25:21','2017-02-02 14:25:21',NULL,NULL,NULL,0,NULL,NULL,NULL,'',NULL,'lrizzo','Imported from LDAP',NULL,NULL,1,'en',1,NULL,0,0,NULL,NULL,NULL,NULL,NULL),(82,'mattia.zambolin@iks.it','$2y$10$aTEZzjMdOQARKjfG7AZ.Y.l4OvtG0Fp4ozagBuuvCdRdVaVdjLzv6',NULL,1,NULL,NULL,NULL,NULL,NULL,'Mattia','Zambolin','2017-02-02 14:20:42','2017-02-02 14:25:21','2017-02-02 14:25:21',NULL,NULL,NULL,0,NULL,NULL,NULL,'',NULL,'mzambolin','Imported from LDAP',NULL,NULL,1,'en',1,NULL,0,0,NULL,NULL,NULL,NULL,NULL),(83,'luigi.cacco@iks.it','$2y$10$aTEZzjMdOQARKjfG7AZ.Y.l4OvtG0Fp4ozagBuuvCdRdVaVdjLzv6',NULL,1,NULL,NULL,NULL,NULL,NULL,'Luigi','Cacco','2017-02-02 14:20:42','2017-02-02 14:25:21','2017-02-02 14:25:21',NULL,NULL,NULL,0,NULL,NULL,NULL,'',NULL,'lcacco','Imported from LDAP',NULL,NULL,1,'en',1,NULL,0,0,NULL,NULL,NULL,NULL,NULL),(84,'','$2y$10$aTEZzjMdOQARKjfG7AZ.Y.l4OvtG0Fp4ozagBuuvCdRdVaVdjLzv6',NULL,1,NULL,NULL,NULL,NULL,NULL,'Gian Marco','Gallo','2017-02-02 14:20:42','2017-02-02 14:25:21','2017-02-02 14:25:21',NULL,NULL,NULL,0,NULL,NULL,NULL,'',NULL,'gmgallo','Imported from LDAP',NULL,NULL,1,'en',1,NULL,0,0,NULL,NULL,NULL,NULL,NULL),(85,'Matteo.Chinellato@iks.it','$2y$10$aTEZzjMdOQARKjfG7AZ.Y.l4OvtG0Fp4ozagBuuvCdRdVaVdjLzv6',NULL,1,NULL,NULL,NULL,NULL,NULL,'Matteo','Chinellato','2017-02-02 14:20:42','2017-02-02 14:25:21','2017-02-02 14:25:21',NULL,NULL,NULL,0,NULL,NULL,NULL,'',NULL,'mchinellato','Imported from LDAP',NULL,NULL,1,'en',1,NULL,0,0,NULL,NULL,NULL,NULL,NULL),(86,'alberto.astolfi@iks.it','$2y$10$aTEZzjMdOQARKjfG7AZ.Y.l4OvtG0Fp4ozagBuuvCdRdVaVdjLzv6',NULL,1,NULL,NULL,NULL,NULL,NULL,'Alberto','Astolfi','2017-02-02 14:20:42','2017-02-02 14:25:21','2017-02-02 14:25:21',NULL,NULL,NULL,0,NULL,NULL,NULL,'',NULL,'aastolfi','Imported from LDAP',NULL,NULL,1,'en',1,NULL,0,0,NULL,NULL,NULL,NULL,NULL),(87,'alessandro.trolese@iks.it','$2y$10$aTEZzjMdOQARKjfG7AZ.Y.l4OvtG0Fp4ozagBuuvCdRdVaVdjLzv6',NULL,1,NULL,NULL,NULL,NULL,NULL,'Alessandro','Trolese','2017-02-02 14:20:42','2017-02-02 14:25:21','2017-02-02 14:25:21',NULL,NULL,NULL,0,NULL,NULL,NULL,'',NULL,'atrolese','Imported from LDAP',NULL,NULL,1,'en',1,NULL,0,0,NULL,NULL,NULL,NULL,NULL),(88,'davide.fania@iks.it','$2y$10$aTEZzjMdOQARKjfG7AZ.Y.l4OvtG0Fp4ozagBuuvCdRdVaVdjLzv6',NULL,1,NULL,NULL,NULL,NULL,NULL,'Davide','Fania','2017-02-02 14:20:42','2017-02-02 14:25:21','2017-02-02 14:25:21',NULL,NULL,NULL,0,NULL,NULL,NULL,'',NULL,'dfania','Imported from LDAP',NULL,NULL,1,'en',1,NULL,0,0,NULL,NULL,NULL,NULL,NULL),(89,' ','$2y$10$aTEZzjMdOQARKjfG7AZ.Y.l4OvtG0Fp4ozagBuuvCdRdVaVdjLzv6',NULL,1,NULL,NULL,NULL,NULL,NULL,'user','test','2017-02-02 14:20:42','2017-02-02 14:25:21','2017-02-02 14:25:21',NULL,NULL,NULL,0,NULL,NULL,NULL,'',NULL,'utest','Imported from LDAP',NULL,NULL,1,'en',1,NULL,0,0,NULL,NULL,NULL,NULL,NULL),(90,'mattia.merotto@iks.it','$2y$10$aTEZzjMdOQARKjfG7AZ.Y.l4OvtG0Fp4ozagBuuvCdRdVaVdjLzv6',NULL,1,NULL,NULL,NULL,NULL,NULL,'Mattia','Merotto','2017-02-02 14:20:42','2017-02-02 14:25:21','2017-02-02 14:25:21',NULL,NULL,NULL,0,NULL,NULL,NULL,'',NULL,'mmerotto','Imported from LDAP',NULL,NULL,1,'en',1,NULL,0,0,NULL,NULL,NULL,NULL,NULL),(91,'','$2y$10$aTEZzjMdOQARKjfG7AZ.Y.l4OvtG0Fp4ozagBuuvCdRdVaVdjLzv6',NULL,1,NULL,NULL,NULL,NULL,NULL,'TestPermSec','','2017-02-02 14:20:42','2017-02-02 14:25:21','2017-02-02 14:25:21',NULL,NULL,NULL,0,NULL,NULL,NULL,'',NULL,'TestPermSec','Imported from LDAP',NULL,NULL,1,'en',1,NULL,0,0,NULL,NULL,NULL,NULL,NULL),(92,'daniele.saccon@iks.it','$2y$10$aTEZzjMdOQARKjfG7AZ.Y.l4OvtG0Fp4ozagBuuvCdRdVaVdjLzv6',NULL,1,NULL,NULL,NULL,NULL,NULL,'Daniele','Saccon','2017-02-02 14:20:42','2017-02-02 14:25:21','2017-02-02 14:25:21',NULL,NULL,NULL,0,NULL,NULL,NULL,'',NULL,'dsaccon','Imported from LDAP',NULL,NULL,1,'en',1,NULL,0,0,NULL,NULL,NULL,NULL,NULL),(93,'stefano.pasa@iks.it','$2y$10$aTEZzjMdOQARKjfG7AZ.Y.l4OvtG0Fp4ozagBuuvCdRdVaVdjLzv6',NULL,1,NULL,NULL,NULL,NULL,NULL,'Stefano','Pasa','2017-02-02 14:20:42','2017-02-02 14:25:21','2017-02-02 14:25:21',NULL,NULL,NULL,0,NULL,NULL,NULL,'',NULL,'spasa','Imported from LDAP',NULL,NULL,1,'en',1,NULL,0,0,NULL,NULL,NULL,NULL,NULL),(94,'Marta.Gasparini@iks.it','$2y$10$aTEZzjMdOQARKjfG7AZ.Y.l4OvtG0Fp4ozagBuuvCdRdVaVdjLzv6',NULL,1,NULL,NULL,NULL,NULL,NULL,'Marta','Gasparini','2017-02-02 14:20:42','2017-02-02 14:25:21','2017-02-02 14:25:21',NULL,NULL,NULL,0,NULL,NULL,NULL,'',NULL,'mgasparini','Imported from LDAP',NULL,NULL,1,'en',1,NULL,0,0,NULL,NULL,NULL,NULL,NULL),(95,'Roberta.Barzon@iks.it','$2y$10$aTEZzjMdOQARKjfG7AZ.Y.l4OvtG0Fp4ozagBuuvCdRdVaVdjLzv6',NULL,1,NULL,NULL,NULL,NULL,NULL,'Roberta','Barzon','2017-02-02 14:20:42','2017-02-02 14:25:21','2017-02-02 14:25:21',NULL,NULL,NULL,0,NULL,NULL,NULL,'',NULL,'rbarzon','Imported from LDAP',NULL,NULL,1,'en',1,NULL,0,0,NULL,NULL,NULL,NULL,NULL),(96,'Francesco.Bassetto@iks.it','$2y$10$aTEZzjMdOQARKjfG7AZ.Y.l4OvtG0Fp4ozagBuuvCdRdVaVdjLzv6',NULL,1,NULL,NULL,NULL,NULL,NULL,'Francesco','Bassetto','2017-02-02 14:20:42','2017-02-02 14:25:21','2017-02-02 14:25:21',NULL,NULL,NULL,0,NULL,NULL,NULL,'',NULL,'fbassetto','Imported from LDAP',NULL,NULL,1,'en',1,NULL,0,0,NULL,NULL,NULL,NULL,NULL),(97,'Nicola.Rigoni@iks.it','$2y$10$aTEZzjMdOQARKjfG7AZ.Y.l4OvtG0Fp4ozagBuuvCdRdVaVdjLzv6',NULL,1,NULL,NULL,NULL,NULL,NULL,'Nicola','Rigoni','2017-02-02 14:20:42','2017-02-02 14:25:21','2017-02-02 14:25:21',NULL,NULL,NULL,0,NULL,NULL,NULL,'',NULL,'nrigoni','Imported from LDAP',NULL,NULL,1,'en',1,NULL,0,0,NULL,NULL,NULL,NULL,NULL),(98,'andrea.vanzan@iks.it','$2y$10$aTEZzjMdOQARKjfG7AZ.Y.l4OvtG0Fp4ozagBuuvCdRdVaVdjLzv6',NULL,1,NULL,NULL,NULL,NULL,NULL,'Andrea','Vanzan','2017-02-02 14:20:42','2017-02-02 14:25:21','2017-02-02 14:25:21',NULL,NULL,NULL,0,NULL,NULL,NULL,'',NULL,'avanzan','Imported from LDAP',NULL,NULL,1,'en',1,NULL,0,0,NULL,NULL,NULL,NULL,NULL),(99,'alexandr.grigorcea@iks.it','$2y$10$aTEZzjMdOQARKjfG7AZ.Y.l4OvtG0Fp4ozagBuuvCdRdVaVdjLzv6',NULL,1,NULL,NULL,NULL,NULL,NULL,'Alexandr','Grigorcea','2017-02-02 14:20:42','2017-02-02 14:25:21','2017-02-02 14:25:21',NULL,NULL,NULL,0,NULL,NULL,NULL,'',NULL,'agrigorcea','Imported from LDAP',NULL,NULL,1,'en',1,NULL,0,0,NULL,NULL,NULL,NULL,NULL),(100,'nicolo.mazzucato@iks.it','$2y$10$aTEZzjMdOQARKjfG7AZ.Y.l4OvtG0Fp4ozagBuuvCdRdVaVdjLzv6',NULL,1,NULL,NULL,NULL,NULL,NULL,'Nicol&ograve;','Mazzucato','2017-02-02 14:20:42','2017-02-02 14:25:21','2017-02-02 14:25:21',NULL,NULL,NULL,0,NULL,NULL,NULL,'',NULL,'nmazzucato','Imported from LDAP',NULL,NULL,1,'en',1,NULL,0,0,NULL,NULL,NULL,NULL,NULL),(101,'','$2y$10$aTEZzjMdOQARKjfG7AZ.Y.l4OvtG0Fp4ozagBuuvCdRdVaVdjLzv6',NULL,1,NULL,NULL,NULL,NULL,NULL,'Daniele','Sergio','2017-02-02 14:20:42','2017-02-02 14:25:21','2017-02-02 14:25:21',NULL,NULL,NULL,0,NULL,NULL,NULL,'',NULL,'dsergio','Imported from LDAP',NULL,NULL,1,'en',1,NULL,0,0,NULL,NULL,NULL,NULL,NULL),(102,'Francesco.Vinelli@iks.it','$2y$10$aTEZzjMdOQARKjfG7AZ.Y.l4OvtG0Fp4ozagBuuvCdRdVaVdjLzv6',NULL,1,NULL,NULL,NULL,NULL,NULL,'Francesco','Vinelli','2017-02-02 14:20:42','2017-02-02 14:25:21','2017-02-02 14:25:21',NULL,NULL,NULL,0,NULL,NULL,NULL,'',NULL,'fvinelli','Imported from LDAP',NULL,NULL,1,'en',1,NULL,0,0,NULL,NULL,NULL,NULL,NULL),(103,'','$2y$10$aTEZzjMdOQARKjfG7AZ.Y.l4OvtG0Fp4ozagBuuvCdRdVaVdjLzv6',NULL,1,NULL,NULL,NULL,NULL,NULL,'testav','','2017-02-02 14:20:42','2017-02-02 14:25:21','2017-02-02 14:25:21',NULL,NULL,NULL,0,NULL,NULL,NULL,'',NULL,'testav','Imported from LDAP',NULL,NULL,1,'en',1,NULL,0,0,NULL,NULL,NULL,NULL,NULL),(104,'francesco.zanella@iks.it','$2y$10$aTEZzjMdOQARKjfG7AZ.Y.l4OvtG0Fp4ozagBuuvCdRdVaVdjLzv6',NULL,1,NULL,NULL,NULL,NULL,NULL,'Francesco','Zanella','2017-02-02 14:20:42','2017-02-02 14:25:21','2017-02-02 14:25:21',NULL,NULL,NULL,0,NULL,NULL,NULL,'',NULL,'fzanella','Imported from LDAP',NULL,NULL,1,'en',1,NULL,0,0,NULL,NULL,NULL,NULL,NULL),(105,'paola.castrignano@iks.it','$2y$10$aTEZzjMdOQARKjfG7AZ.Y.l4OvtG0Fp4ozagBuuvCdRdVaVdjLzv6',NULL,1,NULL,NULL,NULL,NULL,NULL,'Paola','Castrignano','2017-02-02 14:20:42','2017-02-02 14:25:21','2017-02-02 14:25:21',NULL,NULL,NULL,0,NULL,NULL,NULL,'',NULL,'pcastrignano','Imported from LDAP',NULL,NULL,1,'en',1,NULL,0,0,NULL,NULL,NULL,NULL,NULL),(106,'mattia.favaron@iks.it','$2y$10$aTEZzjMdOQARKjfG7AZ.Y.l4OvtG0Fp4ozagBuuvCdRdVaVdjLzv6',NULL,1,NULL,NULL,NULL,NULL,NULL,'Mattia','Favaron','2017-02-02 14:20:42','2017-02-02 14:25:21','2017-02-02 14:25:21',NULL,NULL,NULL,0,NULL,NULL,NULL,'',NULL,'mfavaron','Imported from LDAP',NULL,NULL,1,'en',1,NULL,0,0,NULL,NULL,NULL,NULL,NULL),(107,'','$2y$10$aTEZzjMdOQARKjfG7AZ.Y.l4OvtG0Fp4ozagBuuvCdRdVaVdjLzv6',NULL,1,NULL,NULL,NULL,NULL,NULL,'Dragan','Cemerikic','2017-02-02 14:20:42','2017-02-02 14:25:21','2017-02-02 14:25:21',NULL,NULL,NULL,0,NULL,NULL,NULL,'',NULL,'dcemerikic','Imported from LDAP',NULL,NULL,1,'en',1,NULL,0,0,NULL,NULL,NULL,NULL,NULL),(108,'federica.zilio@iks.it','$2y$10$aTEZzjMdOQARKjfG7AZ.Y.l4OvtG0Fp4ozagBuuvCdRdVaVdjLzv6',NULL,1,NULL,NULL,NULL,NULL,NULL,'Federica','Zilio','2017-02-02 14:20:42','2017-02-02 14:25:21','2017-02-02 14:25:21',NULL,NULL,NULL,0,NULL,NULL,NULL,'',NULL,'fzilio','Imported from LDAP',NULL,NULL,1,'en',1,NULL,0,0,NULL,NULL,NULL,NULL,NULL),(109,'Dennj.Zampieri@iks.it','$2y$10$aTEZzjMdOQARKjfG7AZ.Y.l4OvtG0Fp4ozagBuuvCdRdVaVdjLzv6',NULL,1,NULL,NULL,NULL,NULL,NULL,'Dennj','Zampieri','2017-02-02 14:20:42','2017-02-02 14:25:21','2017-02-02 14:25:21',NULL,NULL,NULL,0,NULL,NULL,NULL,'',NULL,'dzampieri','Imported from LDAP',NULL,NULL,1,'en',1,NULL,0,0,NULL,NULL,NULL,NULL,NULL),(110,'Elena.Fasolo@iks.it','$2y$10$aTEZzjMdOQARKjfG7AZ.Y.l4OvtG0Fp4ozagBuuvCdRdVaVdjLzv6',NULL,1,NULL,NULL,NULL,NULL,NULL,'Elena','Fasolo','2017-02-02 14:20:42','2017-02-02 14:25:21','2017-02-02 14:25:21',NULL,NULL,NULL,0,NULL,NULL,NULL,'',NULL,'efasolo','Imported from LDAP',NULL,NULL,1,'en',1,NULL,0,0,NULL,NULL,NULL,NULL,NULL),(111,'sara.tosello@iks.it','$2y$10$aTEZzjMdOQARKjfG7AZ.Y.l4OvtG0Fp4ozagBuuvCdRdVaVdjLzv6',NULL,1,NULL,NULL,NULL,NULL,NULL,'Sara','Tosello','2017-02-02 14:20:42','2017-02-02 14:25:21','2017-02-02 14:25:21',NULL,NULL,NULL,0,NULL,NULL,NULL,'',NULL,'stosello','Imported from LDAP',NULL,NULL,1,'en',1,NULL,0,0,NULL,NULL,NULL,NULL,NULL),(112,'michela.magaraggia@iks.it','$2y$10$aTEZzjMdOQARKjfG7AZ.Y.l4OvtG0Fp4ozagBuuvCdRdVaVdjLzv6',NULL,1,NULL,NULL,NULL,NULL,NULL,'Michela','Magaraggia','2017-02-02 14:20:42','2017-02-02 14:25:21','2017-02-02 14:25:21',NULL,NULL,NULL,0,NULL,NULL,NULL,'',NULL,'mmagaraggia','Imported from LDAP',NULL,NULL,1,'en',1,NULL,0,0,NULL,NULL,NULL,NULL,NULL),(113,'','$2y$10$aTEZzjMdOQARKjfG7AZ.Y.l4OvtG0Fp4ozagBuuvCdRdVaVdjLzv6',NULL,1,NULL,NULL,NULL,NULL,NULL,'Alessandro','Test Graylog Zatti','2017-02-02 14:20:42','2017-02-02 14:25:21','2017-02-02 14:25:21',NULL,NULL,NULL,0,NULL,NULL,NULL,'',NULL,'graylogzatti','Imported from LDAP',NULL,NULL,1,'en',1,NULL,0,0,NULL,NULL,NULL,NULL,NULL),(114,'Massimo.Celegato@iks.it','$2y$10$aTEZzjMdOQARKjfG7AZ.Y.l4OvtG0Fp4ozagBuuvCdRdVaVdjLzv6',NULL,1,NULL,NULL,NULL,NULL,NULL,'Massimo','Celegato','2017-02-02 14:20:42','2017-02-02 14:25:21','2017-02-02 14:25:21',NULL,NULL,NULL,0,NULL,NULL,NULL,'',NULL,'MCelegato','Imported from LDAP',NULL,NULL,1,'en',1,NULL,0,0,NULL,NULL,NULL,NULL,NULL),(115,'alberto.filipozzi@iks.it','$2y$10$aTEZzjMdOQARKjfG7AZ.Y.l4OvtG0Fp4ozagBuuvCdRdVaVdjLzv6',NULL,1,NULL,NULL,NULL,NULL,NULL,'Alberto','Filipozzi','2017-02-02 14:20:42','2017-02-02 14:25:21','2017-02-02 14:25:21',NULL,NULL,NULL,0,NULL,NULL,NULL,'',NULL,'afilipozzi','Imported from LDAP',NULL,NULL,1,'en',1,NULL,0,0,NULL,NULL,NULL,NULL,NULL),(116,'cesare.soprana@iks.it','$2y$10$aTEZzjMdOQARKjfG7AZ.Y.l4OvtG0Fp4ozagBuuvCdRdVaVdjLzv6',NULL,1,NULL,NULL,NULL,NULL,NULL,'Cesare','Soprana','2017-02-02 14:20:42','2017-02-02 14:25:21','2017-02-02 14:25:21',NULL,NULL,NULL,0,NULL,NULL,NULL,'',NULL,'csoprana','Imported from LDAP',NULL,NULL,1,'en',1,NULL,0,0,NULL,NULL,NULL,NULL,NULL),(117,'Andrea.Annoe@iks.it','$2y$10$aTEZzjMdOQARKjfG7AZ.Y.l4OvtG0Fp4ozagBuuvCdRdVaVdjLzv6',NULL,1,NULL,NULL,NULL,NULL,NULL,'Andrea','Anno&egrave;','2017-02-02 14:20:42','2017-02-02 14:25:21','2017-02-02 14:25:21',NULL,NULL,NULL,0,NULL,NULL,NULL,'',NULL,'aannoe','Imported from LDAP',NULL,NULL,1,'en',1,NULL,0,0,NULL,NULL,NULL,NULL,NULL),(118,'davide.fania@xtn-lab.com','$2y$10$aTEZzjMdOQARKjfG7AZ.Y.l4OvtG0Fp4ozagBuuvCdRdVaVdjLzv6',NULL,1,NULL,NULL,NULL,NULL,NULL,'Davide','Fania','2017-02-02 14:20:42','2017-02-02 14:25:21','2017-02-02 14:25:21',NULL,NULL,NULL,0,NULL,NULL,NULL,'',NULL,'dfania-xtn-lab','Imported from LDAP',NULL,NULL,1,'en',1,NULL,0,0,NULL,NULL,NULL,NULL,NULL),(119,'anna.marin@iks.it','$2y$10$aTEZzjMdOQARKjfG7AZ.Y.l4OvtG0Fp4ozagBuuvCdRdVaVdjLzv6',NULL,1,NULL,NULL,NULL,NULL,NULL,'Anna','Marin','2017-02-02 14:20:42','2017-02-02 14:25:21','2017-02-02 14:25:21',NULL,NULL,NULL,0,NULL,NULL,NULL,'',NULL,'amarin','Imported from LDAP',NULL,NULL,1,'en',1,NULL,0,0,NULL,NULL,NULL,NULL,NULL),(120,'paolo.piagnani@iks.it','$2y$10$aTEZzjMdOQARKjfG7AZ.Y.l4OvtG0Fp4ozagBuuvCdRdVaVdjLzv6',NULL,1,NULL,NULL,NULL,NULL,NULL,'Paolo','Piagnani','2017-02-02 14:20:42','2017-02-02 14:25:21','2017-02-02 14:25:21',NULL,NULL,NULL,0,NULL,NULL,NULL,'',NULL,'ppiagnani','Imported from LDAP',NULL,NULL,1,'en',1,NULL,0,0,NULL,NULL,NULL,NULL,NULL),(121,'Salvatore.Palazzolo@iks.it','$2y$10$aTEZzjMdOQARKjfG7AZ.Y.l4OvtG0Fp4ozagBuuvCdRdVaVdjLzv6',NULL,1,NULL,NULL,NULL,NULL,NULL,'Salvatore','Palazzolo','2017-02-02 14:20:42','2017-02-02 14:25:21','2017-02-02 14:25:21',NULL,NULL,NULL,0,NULL,NULL,NULL,'',NULL,'spalazzolo','Imported from LDAP',NULL,NULL,1,'en',1,NULL,0,0,NULL,NULL,NULL,NULL,NULL),(122,'Argo.Tomaselli@iks.it','$2y$10$aTEZzjMdOQARKjfG7AZ.Y.l4OvtG0Fp4ozagBuuvCdRdVaVdjLzv6',NULL,1,NULL,NULL,NULL,NULL,NULL,'Argo','Tomaselli','2017-02-02 14:20:42','2017-02-02 14:25:21','2017-02-02 14:25:21',NULL,NULL,NULL,0,NULL,NULL,NULL,'',NULL,'atomaselli','Imported from LDAP',NULL,NULL,1,'en',1,NULL,0,0,NULL,NULL,NULL,NULL,NULL),(123,'roberto.marchetto@gmail.com','$2y$10$aTEZzjMdOQARKjfG7AZ.Y.l4OvtG0Fp4ozagBuuvCdRdVaVdjLzv6',NULL,1,NULL,NULL,NULL,NULL,NULL,'Roberto','Marchetto','2017-02-02 14:20:42','2017-02-02 14:25:21','2017-02-02 14:25:21',NULL,NULL,NULL,0,NULL,NULL,NULL,'',NULL,'rmarchetto','Imported from LDAP',NULL,NULL,1,'en',1,NULL,0,0,NULL,NULL,NULL,NULL,NULL),(124,'Dimitri.Carrer_DISMISSED@iks.it','$2y$10$aTEZzjMdOQARKjfG7AZ.Y.l4OvtG0Fp4ozagBuuvCdRdVaVdjLzv6',NULL,1,NULL,NULL,NULL,NULL,NULL,'Dimitri','Carrer','2017-02-02 14:20:42','2017-02-02 14:25:21','2017-02-02 14:25:21',NULL,NULL,NULL,0,NULL,NULL,NULL,'',NULL,'dcarrer','Imported from LDAP',NULL,NULL,1,'en',1,NULL,0,0,NULL,NULL,NULL,NULL,NULL),(125,'nicola.grigoletti@threadsolutions.com','$2y$10$aTEZzjMdOQARKjfG7AZ.Y.l4OvtG0Fp4ozagBuuvCdRdVaVdjLzv6',NULL,1,NULL,NULL,NULL,NULL,NULL,'Nicola','Grigoletti','2017-02-02 14:20:42','2017-02-02 14:25:21','2017-02-02 14:25:21',NULL,NULL,NULL,0,NULL,NULL,NULL,'',NULL,'ngrigoletti','Imported from LDAP',NULL,NULL,1,'en',1,NULL,0,0,NULL,NULL,NULL,NULL,NULL),(126,'marco.ulgelmo@iks.it','$2y$10$aTEZzjMdOQARKjfG7AZ.Y.l4OvtG0Fp4ozagBuuvCdRdVaVdjLzv6',NULL,1,NULL,NULL,NULL,NULL,NULL,'Marco','Ulgelmo','2017-02-02 14:20:42','2017-02-02 14:25:21','2017-02-02 14:25:21',NULL,NULL,NULL,0,NULL,NULL,NULL,'',NULL,'mulgelmo','Imported from LDAP',NULL,NULL,1,'en',1,NULL,0,0,NULL,NULL,NULL,NULL,NULL),(127,'apellegrinelli70@gmail.com','$2y$10$aTEZzjMdOQARKjfG7AZ.Y.l4OvtG0Fp4ozagBuuvCdRdVaVdjLzv6',NULL,1,NULL,NULL,NULL,NULL,NULL,'Adrian','Pellegrinelli','2017-02-02 14:20:42','2017-02-02 14:25:21','2017-02-02 14:25:21',NULL,NULL,NULL,0,NULL,NULL,NULL,'',NULL,'apellegrinelli','Imported from LDAP',NULL,NULL,1,'en',1,NULL,0,0,NULL,NULL,NULL,NULL,NULL),(128,'francesco.trecco@gmail.com','$2y$10$aTEZzjMdOQARKjfG7AZ.Y.l4OvtG0Fp4ozagBuuvCdRdVaVdjLzv6',NULL,1,NULL,NULL,NULL,NULL,NULL,'Francesco','Trecco','2017-02-02 14:20:42','2017-02-02 14:25:21','2017-02-02 14:25:21',NULL,NULL,NULL,0,NULL,NULL,NULL,'',NULL,'ftrecco','Imported from LDAP',NULL,NULL,1,'en',1,NULL,0,0,NULL,NULL,NULL,NULL,NULL),(129,'davide.piazza@threadsolutions.com','$2y$10$aTEZzjMdOQARKjfG7AZ.Y.l4OvtG0Fp4ozagBuuvCdRdVaVdjLzv6',NULL,1,NULL,NULL,NULL,NULL,NULL,'Davide','Piazza','2017-02-02 14:20:42','2017-02-02 14:25:21','2017-02-02 14:25:21',NULL,NULL,NULL,0,NULL,NULL,NULL,'',NULL,'dpiazza','Imported from LDAP',NULL,NULL,1,'en',1,NULL,0,0,NULL,NULL,NULL,NULL,NULL),(130,'massimo.manzato@iks.it','$2y$10$aTEZzjMdOQARKjfG7AZ.Y.l4OvtG0Fp4ozagBuuvCdRdVaVdjLzv6',NULL,1,NULL,NULL,NULL,NULL,NULL,'IKS','Ospite1','2017-02-02 14:20:42','2017-02-02 14:25:21','2017-02-02 14:25:21',NULL,NULL,NULL,0,NULL,NULL,NULL,'',NULL,'ospite1','Imported from LDAP',NULL,NULL,1,'en',1,NULL,0,0,NULL,NULL,NULL,NULL,NULL),(131,'michele.leoni@threadsolutions.com','$2y$10$aTEZzjMdOQARKjfG7AZ.Y.l4OvtG0Fp4ozagBuuvCdRdVaVdjLzv6',NULL,1,NULL,NULL,NULL,NULL,NULL,'Michele','Leoni','2017-02-02 14:20:42','2017-02-02 14:25:21','2017-02-02 14:25:21',NULL,NULL,NULL,0,NULL,NULL,NULL,'',NULL,'mleoni','Imported from LDAP',NULL,NULL,1,'en',1,NULL,0,0,NULL,NULL,NULL,NULL,NULL),(132,'cristian.keller@threadsolutions.com','$2y$10$aTEZzjMdOQARKjfG7AZ.Y.l4OvtG0Fp4ozagBuuvCdRdVaVdjLzv6',NULL,1,NULL,NULL,NULL,NULL,NULL,'Cristian','Keller','2017-02-02 14:20:42','2017-02-02 14:25:21','2017-02-02 14:25:21',NULL,NULL,NULL,0,NULL,NULL,NULL,'',NULL,'ckeller','Imported from LDAP',NULL,NULL,1,'en',1,NULL,0,0,NULL,NULL,NULL,NULL,NULL),(133,'','$2y$10$aTEZzjMdOQARKjfG7AZ.Y.l4OvtG0Fp4ozagBuuvCdRdVaVdjLzv6',NULL,1,NULL,NULL,NULL,NULL,NULL,'MMA','MMA2','2017-02-02 14:20:42','2017-02-02 14:25:21','2017-02-02 14:25:21',NULL,NULL,NULL,0,NULL,NULL,NULL,'',NULL,'mma','Imported from LDAP',NULL,NULL,1,'en',1,NULL,0,0,NULL,NULL,NULL,NULL,NULL),(134,'marco.scandaletti@iks.it','$2y$10$aTEZzjMdOQARKjfG7AZ.Y.l4OvtG0Fp4ozagBuuvCdRdVaVdjLzv6',NULL,1,NULL,NULL,NULL,NULL,NULL,'Marco','Scandaletti','2017-02-02 14:20:42','2017-02-02 14:25:21','2017-02-02 14:25:21',NULL,NULL,NULL,0,NULL,NULL,NULL,'',NULL,'mscandaletti','Imported from LDAP',NULL,NULL,1,'en',1,NULL,0,0,NULL,NULL,NULL,NULL,NULL),(135,'change@iks.it','$2y$10$aTEZzjMdOQARKjfG7AZ.Y.l4OvtG0Fp4ozagBuuvCdRdVaVdjLzv6',NULL,1,NULL,NULL,NULL,NULL,NULL,'change','pwd','2017-02-02 14:20:42','2017-02-02 14:25:21','2017-02-02 14:25:21',NULL,NULL,NULL,0,NULL,NULL,NULL,'',NULL,'change','Imported from LDAP',NULL,NULL,1,'en',1,NULL,0,0,NULL,NULL,NULL,NULL,NULL),(136,'Giuliana.Ferro@iks.it','$2y$10$aTEZzjMdOQARKjfG7AZ.Y.l4OvtG0Fp4ozagBuuvCdRdVaVdjLzv6',NULL,1,NULL,NULL,NULL,NULL,NULL,'Giuliana','Ferro','2017-02-02 14:20:42','2017-02-02 14:25:21','2017-02-02 14:25:21',NULL,NULL,NULL,0,NULL,NULL,NULL,'',NULL,'GFerro','Imported from LDAP',NULL,NULL,1,'en',1,NULL,0,0,NULL,NULL,NULL,NULL,NULL),(137,'Alessandro.Ferraro@iks.it','$2y$10$aTEZzjMdOQARKjfG7AZ.Y.l4OvtG0Fp4ozagBuuvCdRdVaVdjLzv6',NULL,1,NULL,NULL,NULL,NULL,NULL,'Alessandro','Ferraro','2017-02-02 14:20:42','2017-02-02 14:25:21','2017-02-02 14:25:21',NULL,NULL,NULL,0,NULL,NULL,NULL,'',NULL,'aferraro','Imported from LDAP',NULL,NULL,1,'en',1,NULL,0,0,NULL,NULL,NULL,NULL,NULL),(138,'JeremyLucas.Mendiola@kimaps.com','$2y$10$aTEZzjMdOQARKjfG7AZ.Y.l4OvtG0Fp4ozagBuuvCdRdVaVdjLzv6',NULL,1,NULL,NULL,NULL,NULL,NULL,'Jeremy Lucas ','Mendiola','2017-02-02 14:20:42','2017-02-02 14:25:21','2017-02-02 14:25:21',NULL,NULL,NULL,0,NULL,NULL,NULL,'',NULL,'jmendiola','Imported from LDAP',NULL,NULL,1,'en',1,NULL,0,0,NULL,NULL,NULL,NULL,NULL),(139,'davide.deon@iks.it','$2y$10$aTEZzjMdOQARKjfG7AZ.Y.l4OvtG0Fp4ozagBuuvCdRdVaVdjLzv6',NULL,1,NULL,NULL,NULL,NULL,NULL,'Davide','Deon','2017-02-02 14:20:42','2017-02-02 14:25:21','2017-02-02 14:25:21',NULL,NULL,NULL,0,NULL,NULL,NULL,'',NULL,'ddeon','Imported from LDAP',NULL,NULL,1,'en',1,NULL,0,0,NULL,NULL,NULL,NULL,NULL),(140,'livio.brocca@iks.it','$2y$10$aTEZzjMdOQARKjfG7AZ.Y.l4OvtG0Fp4ozagBuuvCdRdVaVdjLzv6',NULL,1,NULL,NULL,NULL,NULL,NULL,'Livio','Brocca','2017-02-02 14:20:42','2017-02-02 14:25:21','2017-02-02 14:25:21',NULL,NULL,NULL,0,NULL,NULL,NULL,'',NULL,'lbrocca','Imported from LDAP',NULL,NULL,1,'en',1,NULL,0,0,NULL,NULL,NULL,NULL,NULL),(141,'stefano.zanirato@iks.it','$2y$10$aTEZzjMdOQARKjfG7AZ.Y.l4OvtG0Fp4ozagBuuvCdRdVaVdjLzv6',NULL,1,NULL,NULL,NULL,NULL,NULL,'Stefano','Zanirato','2017-02-02 14:20:42','2017-02-02 14:25:21','2017-02-02 14:25:21',NULL,NULL,NULL,0,NULL,NULL,NULL,'',NULL,'szanirato','Imported from LDAP',NULL,NULL,1,'en',1,NULL,0,0,NULL,NULL,NULL,NULL,NULL),(142,'Daniele.Pesce@iks.it','$2y$10$aTEZzjMdOQARKjfG7AZ.Y.l4OvtG0Fp4ozagBuuvCdRdVaVdjLzv6',NULL,1,NULL,NULL,NULL,NULL,NULL,'Daniele','Pesce','2017-02-02 14:20:42','2017-02-02 14:25:22','2017-02-02 14:25:22',NULL,NULL,NULL,0,NULL,NULL,NULL,'',NULL,'dpesce','Imported from LDAP',NULL,NULL,1,'en',1,NULL,0,0,NULL,NULL,NULL,NULL,NULL),(143,'andrea.busato@iks.it','$2y$10$aTEZzjMdOQARKjfG7AZ.Y.l4OvtG0Fp4ozagBuuvCdRdVaVdjLzv6',NULL,1,NULL,NULL,NULL,NULL,NULL,'Andrea','Busato','2017-02-02 14:20:42','2017-02-02 14:25:22','2017-02-02 14:25:22',NULL,NULL,NULL,0,NULL,NULL,NULL,'',NULL,'abusato','Imported from LDAP',NULL,NULL,1,'en',1,NULL,0,0,NULL,NULL,NULL,NULL,NULL),(144,'Collaboratori.IKS@iks.it','$2y$10$aTEZzjMdOQARKjfG7AZ.Y.l4OvtG0Fp4ozagBuuvCdRdVaVdjLzv6',NULL,1,NULL,NULL,NULL,NULL,NULL,'Collaboratori','IKS','2017-02-02 14:20:42','2017-02-02 14:25:22','2017-02-02 14:25:22',NULL,NULL,NULL,0,NULL,NULL,NULL,'',NULL,'collaboratori','Imported from LDAP',NULL,NULL,1,'en',1,NULL,0,0,NULL,NULL,NULL,NULL,NULL),(145,'Hector.Blanco@iks.it','$2y$10$aTEZzjMdOQARKjfG7AZ.Y.l4OvtG0Fp4ozagBuuvCdRdVaVdjLzv6',NULL,1,NULL,NULL,NULL,NULL,NULL,'Hector','Blanco','2017-02-02 14:20:42','2017-02-02 14:25:22','2017-02-02 14:25:22',NULL,NULL,NULL,0,NULL,NULL,NULL,'',NULL,'hblanco','Imported from LDAP',NULL,NULL,1,'en',1,NULL,0,0,NULL,NULL,NULL,NULL,NULL),(146,'Sabrina.Vettori@iks.it','$2y$10$aTEZzjMdOQARKjfG7AZ.Y.l4OvtG0Fp4ozagBuuvCdRdVaVdjLzv6',NULL,1,NULL,NULL,NULL,NULL,NULL,'Sabrina','Vettori','2017-02-02 14:20:42','2017-02-02 14:25:22','2017-02-02 14:25:22',NULL,NULL,NULL,0,NULL,NULL,NULL,'',NULL,'svettori','Imported from LDAP',NULL,NULL,1,'en',1,NULL,0,0,NULL,NULL,NULL,NULL,NULL),(147,'User.Mdm@iks.it','$2y$10$aTEZzjMdOQARKjfG7AZ.Y.l4OvtG0Fp4ozagBuuvCdRdVaVdjLzv6',NULL,1,NULL,NULL,NULL,NULL,NULL,'User','Mdm','2017-02-02 14:20:42','2017-02-02 14:25:22','2017-02-02 14:25:22',NULL,NULL,NULL,0,NULL,NULL,NULL,'',NULL,'usermdm','Imported from LDAP',NULL,NULL,1,'en',1,NULL,0,0,NULL,NULL,NULL,NULL,NULL),(148,'alessandro.zatti@iks.it','$2y$10$aTEZzjMdOQARKjfG7AZ.Y.l4OvtG0Fp4ozagBuuvCdRdVaVdjLzv6',NULL,1,NULL,NULL,NULL,NULL,NULL,'Alessandro','Zatti','2017-02-02 14:20:42','2017-02-02 14:25:22','2017-02-02 14:25:22',NULL,NULL,NULL,0,NULL,NULL,NULL,'',NULL,'azatti','Imported from LDAP',NULL,NULL,1,'en',1,NULL,0,0,NULL,NULL,NULL,NULL,NULL),(149,'Luca.Rivoltella@iks.it','$2y$10$aTEZzjMdOQARKjfG7AZ.Y.l4OvtG0Fp4ozagBuuvCdRdVaVdjLzv6',NULL,1,NULL,NULL,NULL,NULL,NULL,'Luca','Rivoltella','2017-02-02 14:20:42','2017-02-02 14:25:22','2017-02-02 14:25:22',NULL,NULL,NULL,0,NULL,NULL,NULL,'',NULL,'lrivoltella','Imported from LDAP',NULL,NULL,1,'en',1,NULL,0,0,NULL,NULL,NULL,NULL,NULL),(150,'franco.beccaria@iks.it','$2y$10$aTEZzjMdOQARKjfG7AZ.Y.l4OvtG0Fp4ozagBuuvCdRdVaVdjLzv6',NULL,1,NULL,NULL,NULL,NULL,NULL,'Franco','Beccaria','2017-02-02 14:20:42','2017-02-02 14:25:22','2017-02-02 14:25:22',NULL,NULL,NULL,0,NULL,NULL,NULL,'',NULL,'fbeccaria','Imported from LDAP',NULL,NULL,1,'en',1,NULL,0,0,NULL,NULL,NULL,NULL,NULL),(151,'Simone.Scarano@xtn-lab.com','$2y$10$aTEZzjMdOQARKjfG7AZ.Y.l4OvtG0Fp4ozagBuuvCdRdVaVdjLzv6',NULL,1,NULL,NULL,NULL,NULL,NULL,'Simone','Scarano','2017-02-02 14:20:42','2017-02-02 14:25:22','2017-02-02 14:25:22',NULL,NULL,NULL,0,NULL,NULL,NULL,'',NULL,'sscarano','Imported from LDAP',NULL,NULL,1,'en',1,NULL,0,0,NULL,NULL,NULL,NULL,NULL),(152,'Maurizio.Finocchiaro@iks.it','$2y$10$aTEZzjMdOQARKjfG7AZ.Y.l4OvtG0Fp4ozagBuuvCdRdVaVdjLzv6',NULL,1,NULL,NULL,NULL,NULL,NULL,'Maurizio','Finocchiaro','2017-02-02 14:20:42','2017-02-02 14:25:22','2017-02-02 14:25:22',NULL,NULL,NULL,0,NULL,NULL,NULL,'',NULL,'mfinocchiaro','Imported from LDAP',NULL,NULL,1,'en',1,NULL,0,0,NULL,NULL,NULL,NULL,NULL),(153,'Teo.Santaguida@xtn-lab.com','$2y$10$aTEZzjMdOQARKjfG7AZ.Y.l4OvtG0Fp4ozagBuuvCdRdVaVdjLzv6',NULL,1,NULL,NULL,NULL,NULL,NULL,'Teo','Santaguida','2017-02-02 14:20:42','2017-02-02 14:25:22','2017-02-02 14:25:22',NULL,NULL,NULL,0,NULL,NULL,NULL,'',NULL,'tsantaguida-xtn-lab','Imported from LDAP',NULL,NULL,1,'en',1,NULL,0,0,NULL,NULL,NULL,NULL,NULL),(154,'giorgia.fochi@iks.it','$2y$10$aTEZzjMdOQARKjfG7AZ.Y.l4OvtG0Fp4ozagBuuvCdRdVaVdjLzv6',NULL,1,NULL,NULL,NULL,NULL,NULL,'Giorgia','Fochi','2017-02-02 14:20:42','2017-02-02 14:25:22','2017-02-02 14:25:22',NULL,NULL,NULL,0,NULL,NULL,NULL,'',NULL,'gfochi','Imported from LDAP',NULL,NULL,1,'en',1,NULL,0,0,NULL,NULL,NULL,NULL,NULL),(155,'francesca.masucci@iks.it','$2y$10$aTEZzjMdOQARKjfG7AZ.Y.l4OvtG0Fp4ozagBuuvCdRdVaVdjLzv6',NULL,1,NULL,NULL,NULL,NULL,NULL,'Francesca','Masucci','2017-02-02 14:20:42','2017-02-02 14:25:22','2017-02-02 14:25:22',NULL,NULL,NULL,0,NULL,NULL,NULL,'',NULL,'fmasucci','Imported from LDAP',NULL,NULL,1,'en',1,NULL,0,0,NULL,NULL,NULL,NULL,NULL),(156,'Enrico.Mingardo@iks.it','$2y$10$aTEZzjMdOQARKjfG7AZ.Y.l4OvtG0Fp4ozagBuuvCdRdVaVdjLzv6',NULL,1,NULL,NULL,NULL,NULL,NULL,'Enrico','Mingardo','2017-02-02 14:20:42','2017-02-02 14:25:22','2017-02-02 14:25:22',NULL,NULL,NULL,0,NULL,NULL,NULL,'',NULL,'emingardo','Imported from LDAP',NULL,NULL,1,'en',1,NULL,0,0,NULL,NULL,NULL,NULL,NULL),(157,'teo.santaguida@iks.it','$2y$10$aTEZzjMdOQARKjfG7AZ.Y.l4OvtG0Fp4ozagBuuvCdRdVaVdjLzv6',NULL,1,NULL,NULL,NULL,NULL,NULL,'Teo','Santaguida','2017-02-02 14:20:42','2017-02-02 14:25:22','2017-02-02 14:25:22',NULL,NULL,NULL,0,NULL,NULL,NULL,'',NULL,'tsantaguida','Imported from LDAP',NULL,NULL,1,'en',1,NULL,0,0,NULL,NULL,NULL,NULL,NULL),(158,'Danilo.Giordani@xtn-lab.com','$2y$10$aTEZzjMdOQARKjfG7AZ.Y.l4OvtG0Fp4ozagBuuvCdRdVaVdjLzv6',NULL,1,NULL,NULL,NULL,NULL,NULL,'Danilo','Giordani','2017-02-02 14:20:42','2017-02-02 14:25:22','2017-02-02 14:25:22',NULL,NULL,NULL,0,NULL,NULL,NULL,'',NULL,'dgiordani','Imported from LDAP',NULL,NULL,1,'en',1,NULL,0,0,NULL,NULL,NULL,NULL,NULL),(159,'stefano.fasiani@iks.it','$2y$10$aTEZzjMdOQARKjfG7AZ.Y.l4OvtG0Fp4ozagBuuvCdRdVaVdjLzv6',NULL,1,NULL,NULL,NULL,NULL,NULL,'Stefano','Fasiani','2017-02-02 14:20:42','2017-02-02 14:25:22','2017-02-02 14:25:22',NULL,NULL,NULL,0,NULL,NULL,NULL,'',NULL,'sfasiani','Imported from LDAP',NULL,NULL,1,'en',1,NULL,0,0,NULL,NULL,NULL,NULL,NULL),(160,'Riccardo.Murgo@iks.it','$2y$10$aTEZzjMdOQARKjfG7AZ.Y.l4OvtG0Fp4ozagBuuvCdRdVaVdjLzv6',NULL,1,NULL,NULL,NULL,NULL,NULL,'Riccardo','Murgo','2017-02-02 14:20:42','2017-02-02 14:25:22','2017-02-02 14:25:22',NULL,NULL,NULL,0,NULL,NULL,NULL,'',NULL,'rmurgo','Imported from LDAP',NULL,NULL,1,'en',1,NULL,0,0,NULL,NULL,NULL,NULL,NULL),(161,'Stefano.Santamaria@iks.it','$2y$10$aTEZzjMdOQARKjfG7AZ.Y.l4OvtG0Fp4ozagBuuvCdRdVaVdjLzv6',NULL,1,NULL,NULL,NULL,NULL,NULL,'Stefano','Santamaria','2017-02-02 14:20:42','2017-02-02 14:25:22','2017-02-02 14:25:22',NULL,NULL,NULL,0,NULL,NULL,NULL,'',NULL,'ssantamaria','Imported from LDAP',NULL,NULL,1,'en',1,NULL,0,0,NULL,NULL,NULL,NULL,NULL),(162,'Arrigo.Madoni@iks.it','$2y$10$aTEZzjMdOQARKjfG7AZ.Y.l4OvtG0Fp4ozagBuuvCdRdVaVdjLzv6',NULL,1,NULL,NULL,NULL,NULL,NULL,'Arrigo','Madoni','2017-02-02 14:20:42','2017-02-02 14:25:22','2017-02-02 14:25:22',NULL,NULL,NULL,0,NULL,NULL,NULL,'',NULL,'amadoni','Imported from LDAP',NULL,NULL,1,'en',1,NULL,0,0,NULL,NULL,NULL,NULL,NULL),(163,'yed.vigano@iks.it','$2y$10$aTEZzjMdOQARKjfG7AZ.Y.l4OvtG0Fp4ozagBuuvCdRdVaVdjLzv6',NULL,1,NULL,NULL,NULL,NULL,NULL,'Yed','Vigan&ograve;','2017-02-02 14:20:42','2017-02-02 14:25:22','2017-02-02 14:25:22',NULL,NULL,NULL,0,NULL,NULL,NULL,'',NULL,'yvigano','Imported from LDAP',NULL,NULL,1,'en',1,NULL,0,0,NULL,NULL,NULL,NULL,NULL),(164,'lidia.gatto@iks.it','$2y$10$aTEZzjMdOQARKjfG7AZ.Y.l4OvtG0Fp4ozagBuuvCdRdVaVdjLzv6',NULL,1,NULL,NULL,NULL,NULL,NULL,'Lidia','Gatto','2017-02-02 14:20:42','2017-02-02 14:25:22','2017-02-02 14:25:22',NULL,NULL,NULL,0,NULL,NULL,NULL,'',NULL,'lgatto','Imported from LDAP',NULL,NULL,1,'en',1,NULL,0,0,NULL,NULL,NULL,NULL,NULL),(165,'antonio.defranciscis@iks.it','$2y$10$aTEZzjMdOQARKjfG7AZ.Y.l4OvtG0Fp4ozagBuuvCdRdVaVdjLzv6',NULL,1,NULL,NULL,NULL,NULL,NULL,'Antonio','De Franciscis','2017-02-02 14:20:42','2017-02-02 14:25:22','2017-02-02 14:25:22',NULL,NULL,NULL,0,NULL,NULL,NULL,'',NULL,'adefranciscis','Imported from LDAP',NULL,NULL,1,'en',1,NULL,0,0,NULL,NULL,NULL,NULL,NULL),(166,'Stefano.Santamaria@iks.it','$2y$10$9TNu/9crbT55VYHwD268S.z/7Kbq8sxtaArjKCkL2UQ/4KcNjxjFm',NULL,1,NULL,NULL,NULL,NULL,NULL,'Stefano','Santamaria','2017-02-02 14:35:45','2017-02-02 15:31:22','2017-02-02 15:31:22',NULL,NULL,NULL,1,NULL,NULL,NULL,'',NULL,'ssantamaria','Imported from LDAP',NULL,NULL,1,'en',1,NULL,0,0,NULL,NULL,NULL,NULL,NULL),(167,'marco.scandaletti@iks.it','$2y$10$7SETyP6lTYpL6ejxsja6EOmzCQnK15/9pL5.CPwdXyeeKpsccAhja','{\"superuser\":\"0\",\"admin\":\"0\",\"reports.view\":\"0\",\"assets.view\":\"0\",\"assets.create\":\"0\",\"assets.edit\":\"0\",\"assets.delete\":\"0\",\"assets.checkin\":\"0\",\"assets.checkout\":\"0\",\"assets.view.requestable\":\"0\",\"accessories.view\":\"0\",\"accessories.create\":\"0\",\"accessories.edit\":\"0\",\"accessories.delete\":\"0\",\"accessories.checkout\":\"0\",\"accessories.checkin\":\"0\",\"consumables.view\":\"0\",\"consumables.create\":\"0\",\"consumables.edit\":\"0\",\"consumables.delete\":\"0\",\"consumables.checkout\":\"0\",\"licenses.view\":\"0\",\"licenses.create\":\"0\",\"licenses.edit\":\"0\",\"licenses.delete\":\"0\",\"licenses.checkout\":\"0\",\"licenses.keys\":\"0\",\"components.view\":\"0\",\"components.create\":\"0\",\"components.edit\":\"0\",\"components.delete\":\"0\",\"components.checkout\":\"0\",\"components.checkin\":\"0\",\"users.view\":\"0\",\"users.create\":\"0\",\"users.edit\":\"0\",\"users.delete\":\"0\",\"self.two_factor\":\"0\"}',1,NULL,NULL,NULL,NULL,NULL,'Marco','Scandaletti','2017-02-02 14:35:45','2017-02-02 14:49:46',NULL,NULL,NULL,NULL,1,'','',NULL,'',NULL,'mscandaletti','Imported from LDAP',1,'MYoDCXpfS7d6kaIST0roQJfKO8UYaWqhwpP1XlUgPrw0Yk0HWRBKuI4hXihA',1,'it',1,NULL,0,0,NULL,NULL,NULL,NULL,NULL),(168,'Emiliano.Peron@iks.it','$2y$10$9TNu/9crbT55VYHwD268S.z/7Kbq8sxtaArjKCkL2UQ/4KcNjxjFm',NULL,1,NULL,NULL,NULL,NULL,NULL,'Emiliano','Peron','2017-02-02 14:35:45','2017-02-02 15:31:22','2017-02-02 15:31:22',NULL,NULL,NULL,1,NULL,NULL,NULL,'',NULL,'EPeron','Imported from LDAP',NULL,NULL,1,'en',1,NULL,0,0,NULL,NULL,NULL,NULL,NULL),(169,'Giulio.Soleni@iks.it','$2y$10$9TNu/9crbT55VYHwD268S.z/7Kbq8sxtaArjKCkL2UQ/4KcNjxjFm',NULL,1,NULL,NULL,NULL,NULL,NULL,'Giulio','Soleni','2017-02-02 14:35:45','2017-02-02 15:31:22','2017-02-02 15:31:22',NULL,NULL,NULL,1,NULL,NULL,NULL,'',NULL,'gsoleni','Imported from LDAP',NULL,NULL,1,'en',1,NULL,0,0,NULL,NULL,NULL,NULL,NULL),(170,'Stefano.Bertolin@iks.it','$2y$10$9TNu/9crbT55VYHwD268S.z/7Kbq8sxtaArjKCkL2UQ/4KcNjxjFm',NULL,1,NULL,NULL,NULL,NULL,NULL,'Stefano','Bertolin','2017-02-02 14:35:45','2017-02-02 15:31:22','2017-02-02 15:31:22',NULL,NULL,NULL,1,NULL,NULL,NULL,'',NULL,'sbertolin','Imported from LDAP',NULL,NULL,1,'en',1,NULL,0,0,NULL,NULL,NULL,NULL,NULL),(171,'Arrigo.Madoni@iks.it','$2y$10$9TNu/9crbT55VYHwD268S.z/7Kbq8sxtaArjKCkL2UQ/4KcNjxjFm',NULL,1,NULL,NULL,NULL,NULL,NULL,'Arrigo','Madoni','2017-02-02 14:35:45','2017-02-02 15:31:22','2017-02-02 15:31:22',NULL,NULL,NULL,1,NULL,NULL,NULL,'',NULL,'amadoni','Imported from LDAP',NULL,NULL,1,'en',1,NULL,0,0,NULL,NULL,NULL,NULL,NULL),(172,'mattia.zambolin@iks.it','$2y$10$9TNu/9crbT55VYHwD268S.z/7Kbq8sxtaArjKCkL2UQ/4KcNjxjFm',NULL,1,NULL,NULL,NULL,NULL,NULL,'Mattia','Zambolin','2017-02-02 14:35:45','2017-02-02 15:31:22','2017-02-02 15:31:22',NULL,NULL,NULL,1,NULL,NULL,NULL,'',NULL,'mzambolin','Imported from LDAP',NULL,NULL,1,'en',1,NULL,0,0,NULL,NULL,NULL,NULL,NULL),(173,'Riccardo.Murgo@iks.it','$2y$10$9TNu/9crbT55VYHwD268S.z/7Kbq8sxtaArjKCkL2UQ/4KcNjxjFm',NULL,1,NULL,NULL,NULL,NULL,NULL,'Riccardo','Murgo','2017-02-02 14:35:45','2017-02-02 15:31:22','2017-02-02 15:31:22',NULL,NULL,NULL,1,NULL,NULL,NULL,'',NULL,'rmurgo','Imported from LDAP',NULL,NULL,1,'en',1,NULL,0,0,NULL,NULL,NULL,NULL,NULL),(174,'Massimo.Celegato@iks.it','$2y$10$9TNu/9crbT55VYHwD268S.z/7Kbq8sxtaArjKCkL2UQ/4KcNjxjFm',NULL,1,NULL,NULL,NULL,NULL,NULL,'Massimo','Celegato','2017-02-02 14:35:45','2017-02-02 15:31:22','2017-02-02 15:31:22',NULL,NULL,NULL,1,NULL,NULL,NULL,'',NULL,'MCelegato','Imported from LDAP',NULL,NULL,1,'en',1,NULL,0,0,NULL,NULL,NULL,NULL,NULL),(175,'Andrea.Annoe@iks.it','$2y$10$9TNu/9crbT55VYHwD268S.z/7Kbq8sxtaArjKCkL2UQ/4KcNjxjFm',NULL,1,NULL,NULL,NULL,NULL,NULL,'Andrea','Anno&egrave;','2017-02-02 14:35:45','2017-02-02 15:31:22','2017-02-02 15:31:22',NULL,NULL,NULL,1,NULL,NULL,NULL,'',NULL,'aannoe','Imported from LDAP',NULL,NULL,1,'en',1,NULL,0,0,NULL,NULL,NULL,NULL,NULL),(176,'Luca.Rivoltella@iks.it','$2y$10$9TNu/9crbT55VYHwD268S.z/7Kbq8sxtaArjKCkL2UQ/4KcNjxjFm',NULL,1,NULL,NULL,NULL,NULL,NULL,'Luca','Rivoltella','2017-02-02 14:35:45','2017-02-02 15:31:22','2017-02-02 15:31:22',NULL,NULL,NULL,1,NULL,NULL,NULL,'',NULL,'lrivoltella','Imported from LDAP',NULL,NULL,1,'en',1,NULL,0,0,NULL,NULL,NULL,NULL,NULL),(177,'Francesco.Guzzo@iks.it','$2y$10$9TNu/9crbT55VYHwD268S.z/7Kbq8sxtaArjKCkL2UQ/4KcNjxjFm',NULL,1,NULL,NULL,NULL,NULL,NULL,'Francesco','Guzzo','2017-02-02 14:35:45','2017-02-02 15:31:22','2017-02-02 15:31:22',NULL,NULL,NULL,1,NULL,NULL,NULL,'',NULL,'fguzzo','Imported from LDAP',NULL,NULL,1,'en',1,NULL,0,0,NULL,NULL,NULL,NULL,NULL),(178,'Fabrizio.Barison@iks.it','$2y$10$VHDcP/dLZ0WbcXF8BNGTc.5tUP0LWX1CZmulNbQQSHPX9JoQpVvPq','{\"superuser\":\"1\",\"admin\":\"1\",\"reports.view\":\"1\",\"assets.view\":\"1\",\"assets.create\":\"1\",\"assets.edit\":\"1\",\"assets.delete\":\"1\",\"assets.checkin\":\"1\",\"assets.checkout\":\"1\",\"assets.view.requestable\":\"1\",\"accessories.view\":\"1\",\"accessories.create\":\"1\",\"accessories.edit\":\"1\",\"accessories.delete\":\"1\",\"accessories.checkout\":\"1\",\"accessories.checkin\":\"1\",\"consumables.view\":\"1\",\"consumables.create\":\"1\",\"consumables.edit\":\"1\",\"consumables.delete\":\"1\",\"consumables.checkout\":\"1\",\"licenses.view\":\"1\",\"licenses.create\":\"1\",\"licenses.edit\":\"1\",\"licenses.delete\":\"1\",\"licenses.checkout\":\"1\",\"licenses.keys\":\"1\",\"components.view\":\"1\",\"components.create\":\"1\",\"components.edit\":\"1\",\"components.delete\":\"1\",\"components.checkout\":\"1\",\"components.checkin\":\"1\",\"users.view\":\"1\",\"users.create\":\"1\",\"users.edit\":\"1\",\"users.delete\":\"1\",\"self.two_factor\":\"0\"}',1,NULL,NULL,NULL,NULL,NULL,'Fabrizio','Barison','2017-02-02 14:35:45','2017-10-25 07:21:58',NULL,NULL,NULL,NULL,1,'','',NULL,'',NULL,'fbarison','Imported from LDAP',NULL,'KjJyveCYem7bYGFblnXLEPpVHLxoXv7f4OgigEAGMpgWCNgeTPpqfs7LXeuP',1,'en',1,NULL,0,0,NULL,NULL,NULL,NULL,NULL),(179,'alexandr.grigorcea@iks.it','$2y$10$9TNu/9crbT55VYHwD268S.z/7Kbq8sxtaArjKCkL2UQ/4KcNjxjFm',NULL,1,NULL,NULL,NULL,NULL,NULL,'Alexandr','Grigorcea','2017-02-02 14:35:45','2017-02-02 15:31:22','2017-02-02 15:31:22',NULL,NULL,NULL,1,NULL,NULL,NULL,'',NULL,'agrigorcea','Imported from LDAP',NULL,NULL,1,'en',1,NULL,0,0,NULL,NULL,NULL,NULL,NULL),(180,'Elena.Fasolo@iks.it','$2y$10$9TNu/9crbT55VYHwD268S.z/7Kbq8sxtaArjKCkL2UQ/4KcNjxjFm',NULL,1,NULL,NULL,NULL,NULL,NULL,'Elena','Fasolo','2017-02-02 14:35:45','2017-02-02 15:31:22','2017-02-02 15:31:22',NULL,NULL,NULL,1,NULL,NULL,NULL,'',NULL,'efasolo','Imported from LDAP',NULL,NULL,1,'en',1,NULL,0,0,NULL,NULL,NULL,NULL,NULL),(181,'Matteo.Chinellato@iks.it','$2y$10$9TNu/9crbT55VYHwD268S.z/7Kbq8sxtaArjKCkL2UQ/4KcNjxjFm',NULL,1,NULL,NULL,NULL,NULL,NULL,'Matteo','Chinellato','2017-02-02 14:35:45','2017-02-02 15:31:22','2017-02-02 15:31:22',NULL,NULL,NULL,1,NULL,NULL,NULL,'',NULL,'mchinellato','Imported from LDAP',NULL,NULL,1,'en',1,NULL,0,0,NULL,NULL,NULL,NULL,NULL),(182,'Enrico.Mingardo@iks.it','$2y$10$9TNu/9crbT55VYHwD268S.z/7Kbq8sxtaArjKCkL2UQ/4KcNjxjFm',NULL,1,NULL,NULL,NULL,NULL,NULL,'Enrico','Mingardo','2017-02-02 14:35:45','2017-02-02 15:31:22','2017-02-02 15:31:22',NULL,NULL,NULL,1,NULL,NULL,NULL,'',NULL,'emingardo','Imported from LDAP',NULL,NULL,1,'en',1,NULL,0,0,NULL,NULL,NULL,NULL,NULL),(183,'alberto.astolfi@iks.it','$2y$10$9TNu/9crbT55VYHwD268S.z/7Kbq8sxtaArjKCkL2UQ/4KcNjxjFm',NULL,1,NULL,NULL,NULL,NULL,NULL,'Alberto','Astolfi','2017-02-02 14:35:45','2017-02-02 15:31:22','2017-02-02 15:31:22',NULL,NULL,NULL,1,NULL,NULL,NULL,'',NULL,'aastolfi','Imported from LDAP',NULL,NULL,1,'en',1,NULL,0,0,NULL,NULL,NULL,NULL,NULL),(184,'alessandro.trolese@iks.it','$2y$10$9TNu/9crbT55VYHwD268S.z/7Kbq8sxtaArjKCkL2UQ/4KcNjxjFm',NULL,1,NULL,NULL,NULL,NULL,NULL,'Alessandro','Trolese','2017-02-02 14:35:45','2017-02-02 15:31:22','2017-02-02 15:31:22',NULL,NULL,NULL,1,NULL,NULL,NULL,'',NULL,'atrolese','Imported from LDAP',NULL,NULL,1,'en',1,NULL,0,0,NULL,NULL,NULL,NULL,NULL),(185,'giorgio.traldi@iks.it','$2y$10$9TNu/9crbT55VYHwD268S.z/7Kbq8sxtaArjKCkL2UQ/4KcNjxjFm',NULL,1,NULL,NULL,NULL,NULL,NULL,'Giorgio','Traldi','2017-02-02 14:35:45','2017-02-02 15:31:22','2017-02-02 15:31:22',NULL,NULL,NULL,1,NULL,NULL,NULL,'',NULL,'gtraldi','Imported from LDAP',NULL,NULL,1,'en',1,NULL,0,0,NULL,NULL,NULL,NULL,NULL),(186,'mattia.rabbi@iks.it','$2y$10$9TNu/9crbT55VYHwD268S.z/7Kbq8sxtaArjKCkL2UQ/4KcNjxjFm',NULL,1,NULL,NULL,NULL,NULL,NULL,'Mattia','Rabbi','2017-02-02 14:35:45','2017-02-02 15:31:22','2017-02-02 15:31:22',NULL,NULL,NULL,1,NULL,NULL,NULL,'',NULL,'mrabbi','Imported from LDAP',NULL,NULL,1,'en',1,NULL,0,0,NULL,NULL,NULL,NULL,NULL),(187,'paola.castrignano@iks.it','$2y$10$9TNu/9crbT55VYHwD268S.z/7Kbq8sxtaArjKCkL2UQ/4KcNjxjFm',NULL,1,NULL,NULL,NULL,NULL,NULL,'Paola','Castrignano','2017-02-02 14:35:45','2017-02-02 15:31:22','2017-02-02 15:31:22',NULL,NULL,NULL,1,NULL,NULL,NULL,'',NULL,'pcastrignano','Imported from LDAP',NULL,NULL,1,'en',1,NULL,0,0,NULL,NULL,NULL,NULL,NULL),(188,'cesare.soprana@iks.it','$2y$10$9TNu/9crbT55VYHwD268S.z/7Kbq8sxtaArjKCkL2UQ/4KcNjxjFm',NULL,1,NULL,NULL,NULL,NULL,NULL,'Cesare','Soprana','2017-02-02 14:35:45','2017-02-02 15:31:22','2017-02-02 15:31:22',NULL,NULL,NULL,1,NULL,NULL,NULL,'',NULL,'csoprana','Imported from LDAP',NULL,NULL,1,'en',1,NULL,0,0,NULL,NULL,NULL,NULL,NULL),(189,'yed.vigano@iks.it','$2y$10$9TNu/9crbT55VYHwD268S.z/7Kbq8sxtaArjKCkL2UQ/4KcNjxjFm',NULL,1,NULL,NULL,NULL,NULL,NULL,'Yed','Vigan&ograve;','2017-02-02 14:35:45','2017-02-02 15:31:22','2017-02-02 15:31:22',NULL,NULL,NULL,1,NULL,NULL,NULL,'',NULL,'yvigano','Imported from LDAP',NULL,NULL,1,'en',1,NULL,0,0,NULL,NULL,NULL,NULL,NULL),(190,'lidia.gatto@iks.it','$2y$10$9TNu/9crbT55VYHwD268S.z/7Kbq8sxtaArjKCkL2UQ/4KcNjxjFm',NULL,1,NULL,NULL,NULL,NULL,NULL,'Lidia','Gatto','2017-02-02 14:35:45','2017-02-02 15:31:22','2017-02-02 15:31:22',NULL,NULL,NULL,1,NULL,NULL,NULL,'',NULL,'lgatto','Imported from LDAP',NULL,NULL,1,'en',1,NULL,0,0,NULL,NULL,NULL,NULL,NULL),(191,'franco.beccaria@iks.it','$2y$10$9TNu/9crbT55VYHwD268S.z/7Kbq8sxtaArjKCkL2UQ/4KcNjxjFm',NULL,1,NULL,NULL,NULL,NULL,NULL,'Franco','Beccaria','2017-02-02 14:35:45','2017-02-02 15:31:22','2017-02-02 15:31:22',NULL,NULL,NULL,1,NULL,NULL,NULL,'',NULL,'fbeccaria','Imported from LDAP',NULL,NULL,1,'en',1,NULL,0,0,NULL,NULL,NULL,NULL,NULL),(192,'francesca.masucci@iks.it','$2y$10$9TNu/9crbT55VYHwD268S.z/7Kbq8sxtaArjKCkL2UQ/4KcNjxjFm',NULL,1,NULL,NULL,NULL,NULL,NULL,'Francesca','Masucci','2017-02-02 14:35:45','2017-02-02 15:31:22','2017-02-02 15:31:22',NULL,NULL,NULL,1,NULL,NULL,NULL,'',NULL,'fmasucci','Imported from LDAP',NULL,NULL,1,'en',1,NULL,0,0,NULL,NULL,NULL,NULL,NULL),(193,'Maurizio.Finocchiaro@iks.it','$2y$10$9TNu/9crbT55VYHwD268S.z/7Kbq8sxtaArjKCkL2UQ/4KcNjxjFm',NULL,1,NULL,NULL,NULL,NULL,NULL,'Maurizio','Finocchiaro','2017-02-02 14:35:45','2017-02-02 15:31:22','2017-02-02 15:31:22',NULL,NULL,NULL,1,NULL,NULL,NULL,'',NULL,'mfinocchiaro','Imported from LDAP',NULL,NULL,1,'en',1,NULL,0,0,NULL,NULL,NULL,NULL,NULL),(194,'mario.delmonaco@iks.it','$2y$10$9TNu/9crbT55VYHwD268S.z/7Kbq8sxtaArjKCkL2UQ/4KcNjxjFm',NULL,1,NULL,NULL,NULL,NULL,NULL,'Mario','Delmonaco','2017-02-02 14:35:45','2017-02-02 15:31:22','2017-02-02 15:31:22',NULL,NULL,NULL,1,NULL,NULL,NULL,'',NULL,'mdelmonaco','Imported from LDAP',NULL,NULL,1,'en',1,NULL,0,0,NULL,NULL,NULL,NULL,NULL),(195,'luigi.zhou@iks.it','$2y$10$9TNu/9crbT55VYHwD268S.z/7Kbq8sxtaArjKCkL2UQ/4KcNjxjFm',NULL,1,NULL,NULL,NULL,NULL,NULL,'Luigi','Zhou','2017-02-02 14:35:46','2017-02-02 15:31:22','2017-02-02 15:31:22',NULL,NULL,NULL,1,NULL,NULL,NULL,'',NULL,'lzhou','Imported from LDAP',NULL,NULL,1,'en',1,NULL,0,0,NULL,NULL,NULL,NULL,NULL),(196,'daniele.saccon@iks.it','$2y$10$9TNu/9crbT55VYHwD268S.z/7Kbq8sxtaArjKCkL2UQ/4KcNjxjFm',NULL,1,NULL,NULL,NULL,NULL,NULL,'Daniele','Saccon','2017-02-02 14:35:46','2017-02-02 15:31:22','2017-02-02 15:31:22',NULL,NULL,NULL,1,NULL,NULL,NULL,'',NULL,'dsaccon','Imported from LDAP',NULL,NULL,1,'en',1,NULL,0,0,NULL,NULL,NULL,NULL,NULL),(197,'Salvatore.Palazzolo@iks.it','$2y$10$893uFksIL7HBTVxD5It2H.HE6W67an9NnXzJFommc6EprpON/GGj6',NULL,1,NULL,NULL,NULL,NULL,NULL,'Salvatore','Palazzolo','2017-02-02 15:27:54','2017-02-02 15:31:22','2017-02-02 15:31:22',NULL,NULL,NULL,1,NULL,NULL,NULL,'',NULL,'spalazzolo','Imported from LDAP',NULL,NULL,1,'en',1,NULL,0,0,NULL,NULL,NULL,NULL,NULL),(198,'Massimo.Manzato@iks.it','$2y$10$893uFksIL7HBTVxD5It2H.HE6W67an9NnXzJFommc6EprpON/GGj6',NULL,1,NULL,NULL,NULL,NULL,NULL,'Massimo','Manzato','2017-02-02 15:27:54','2017-02-02 15:31:22','2017-02-02 15:31:22',NULL,NULL,NULL,1,NULL,NULL,NULL,'',NULL,'MManzato','Imported from LDAP',NULL,NULL,1,'en',1,NULL,0,0,NULL,NULL,NULL,NULL,NULL),(199,'stefano.marchetti@iks.it','$2y$10$893uFksIL7HBTVxD5It2H.HE6W67an9NnXzJFommc6EprpON/GGj6',NULL,1,NULL,NULL,NULL,NULL,NULL,'Stefano','Marchetti','2017-02-02 15:27:54','2017-02-02 15:31:22','2017-02-02 15:31:22',NULL,NULL,NULL,1,NULL,NULL,NULL,'',NULL,'smarchetti','Imported from LDAP',NULL,NULL,1,'en',1,NULL,0,0,NULL,NULL,NULL,NULL,NULL),(200,'Alessandro.Ferraro@iks.it','$2y$10$893uFksIL7HBTVxD5It2H.HE6W67an9NnXzJFommc6EprpON/GGj6',NULL,1,NULL,NULL,NULL,NULL,NULL,'Alessandro','Ferraro','2017-02-02 15:27:54','2017-02-02 15:31:22','2017-02-02 15:31:22',NULL,NULL,NULL,1,NULL,NULL,NULL,'',NULL,'aferraro','Imported from LDAP',NULL,NULL,1,'en',1,NULL,0,0,NULL,NULL,NULL,NULL,NULL),(201,'giuseppe.deluca@iks.it','$2y$10$893uFksIL7HBTVxD5It2H.HE6W67an9NnXzJFommc6EprpON/GGj6',NULL,1,NULL,NULL,NULL,NULL,NULL,'Giuseppe','De Luca','2017-02-02 15:27:54','2017-02-02 15:31:22','2017-02-02 15:31:22',NULL,NULL,NULL,1,NULL,NULL,NULL,'',NULL,'gdeluca','Imported from LDAP',NULL,NULL,1,'en',1,NULL,0,0,NULL,NULL,NULL,NULL,NULL),(202,'andrea.lucon@iks.it','$2y$10$893uFksIL7HBTVxD5It2H.HE6W67an9NnXzJFommc6EprpON/GGj6',NULL,1,NULL,NULL,NULL,NULL,NULL,'Andrea','Lucon','2017-02-02 15:27:54','2017-02-02 15:31:22','2017-02-02 15:31:22',NULL,NULL,NULL,1,NULL,NULL,NULL,'',NULL,'alucon','Imported from LDAP',NULL,NULL,1,'en',1,NULL,0,0,NULL,NULL,NULL,NULL,NULL),(203,'Dennj.Zampieri@iks.it','$2y$10$893uFksIL7HBTVxD5It2H.HE6W67an9NnXzJFommc6EprpON/GGj6',NULL,1,NULL,NULL,NULL,NULL,NULL,'Dennj','Zampieri','2017-02-02 15:27:54','2017-02-02 15:31:22','2017-02-02 15:31:22',NULL,NULL,NULL,1,NULL,NULL,NULL,'',NULL,'dzampieri','Imported from LDAP',NULL,NULL,1,'en',1,NULL,0,0,NULL,NULL,NULL,NULL,NULL),(204,'sara.tosello@iks.it','$2y$10$893uFksIL7HBTVxD5It2H.HE6W67an9NnXzJFommc6EprpON/GGj6',NULL,1,NULL,NULL,NULL,NULL,NULL,'Sara','Tosello','2017-02-02 15:27:54','2017-02-02 15:31:22','2017-02-02 15:31:22',NULL,NULL,NULL,1,NULL,NULL,NULL,'',NULL,'stosello','Imported from LDAP',NULL,NULL,1,'en',1,NULL,0,0,NULL,NULL,NULL,NULL,NULL),(205,'claudia.rampazzo@iks.it','$2y$10$893uFksIL7HBTVxD5It2H.HE6W67an9NnXzJFommc6EprpON/GGj6',NULL,1,NULL,NULL,NULL,NULL,NULL,'Claudia','Rampazzo','2017-02-02 15:27:54','2017-02-02 15:31:22','2017-02-02 15:31:22',NULL,NULL,NULL,1,NULL,NULL,NULL,'',NULL,'crampazzo','Imported from LDAP',NULL,NULL,1,'en',1,NULL,0,0,NULL,NULL,NULL,NULL,NULL),(206,'','$2y$10$893uFksIL7HBTVxD5It2H.HE6W67an9NnXzJFommc6EprpON/GGj6',NULL,1,NULL,NULL,NULL,NULL,NULL,'MMA','MMA2','2017-02-02 15:27:54','2017-02-02 15:31:22','2017-02-02 15:31:22',NULL,NULL,NULL,1,NULL,NULL,NULL,'',NULL,'mma','Imported from LDAP',NULL,NULL,1,'en',1,NULL,0,0,NULL,NULL,NULL,NULL,NULL),(207,'anna.scarda@iks.it','$2y$10$893uFksIL7HBTVxD5It2H.HE6W67an9NnXzJFommc6EprpON/GGj6',NULL,1,NULL,NULL,NULL,NULL,NULL,'Anna','Scarda','2017-02-02 15:27:54','2017-02-02 15:31:22','2017-02-02 15:31:22',NULL,NULL,NULL,1,NULL,NULL,NULL,'',NULL,'ascarda','Imported from LDAP',NULL,NULL,1,'en',1,NULL,0,0,NULL,NULL,NULL,NULL,NULL),(208,'','$2y$10$YLDUFZv0wiKvP.pcA9xPaO/uPneW/yKhRmP8lrAjd1jNI9BhyTUH6',NULL,1,NULL,NULL,NULL,NULL,NULL,'veeam','','2017-02-02 15:30:44','2017-02-02 15:31:22','2017-02-02 15:31:22',NULL,NULL,NULL,NULL,NULL,NULL,NULL,'',NULL,'veeam','Imported from LDAP',NULL,NULL,1,'en',1,NULL,0,0,NULL,NULL,NULL,NULL,NULL),(209,'Massimo.DeBeni@kimaps.com','$2y$10$YLDUFZv0wiKvP.pcA9xPaO/uPneW/yKhRmP8lrAjd1jNI9BhyTUH6',NULL,1,NULL,NULL,NULL,NULL,NULL,'Massimo','De Beni','2017-02-02 15:30:44','2017-02-02 15:31:22','2017-02-02 15:31:22',NULL,NULL,NULL,NULL,NULL,NULL,NULL,'',NULL,'mdebeni','Imported from LDAP',NULL,NULL,1,'en',1,NULL,0,0,NULL,NULL,NULL,NULL,NULL),(210,'Mauro.Giachelle@kimaps.com','$2y$10$YLDUFZv0wiKvP.pcA9xPaO/uPneW/yKhRmP8lrAjd1jNI9BhyTUH6',NULL,1,NULL,NULL,NULL,NULL,NULL,'Mauro','Giachelle','2017-02-02 15:30:44','2017-02-02 15:31:22','2017-02-02 15:31:22',NULL,NULL,NULL,NULL,NULL,NULL,NULL,'',NULL,'mgiachelle','Imported from LDAP',NULL,NULL,1,'en',1,NULL,0,0,NULL,NULL,NULL,NULL,NULL),(211,'Luca.Baldo@iks.it','$2y$10$YLDUFZv0wiKvP.pcA9xPaO/uPneW/yKhRmP8lrAjd1jNI9BhyTUH6',NULL,1,NULL,NULL,NULL,NULL,NULL,'Luca','Baldo','2017-02-02 15:30:44','2017-02-02 15:31:22','2017-02-02 15:31:22',NULL,NULL,NULL,NULL,NULL,NULL,NULL,'',NULL,'lbaldo','Imported from LDAP',NULL,NULL,1,'en',1,NULL,0,0,NULL,NULL,NULL,NULL,NULL),(212,'Stefano.Santamaria@iks.it','$2y$10$7rfb85o8PJbz1xG7eyYLRu8QYjE1lAYYVun1AB23il71Tu0vl9tuO',NULL,1,NULL,NULL,NULL,NULL,NULL,'Stefano','Santamaria','2017-02-02 15:31:34','2017-02-02 15:31:34',NULL,NULL,NULL,NULL,1,NULL,NULL,NULL,'',NULL,'ssantamaria','Imported from LDAP',NULL,NULL,1,'en',1,NULL,0,0,NULL,NULL,NULL,NULL,NULL),(213,'','$2y$10$7rfb85o8PJbz1xG7eyYLRu8QYjE1lAYYVun1AB23il71Tu0vl9tuO',NULL,1,NULL,NULL,NULL,NULL,NULL,'veeam','','2017-02-02 15:31:34','2017-02-02 15:31:34',NULL,NULL,NULL,NULL,1,NULL,NULL,NULL,'',NULL,'veeam','Imported from LDAP',NULL,NULL,1,'en',1,NULL,0,0,NULL,NULL,NULL,NULL,NULL),(214,'Emiliano.Peron@iks.it','$2y$10$7rfb85o8PJbz1xG7eyYLRu8QYjE1lAYYVun1AB23il71Tu0vl9tuO',NULL,1,NULL,NULL,NULL,NULL,NULL,'Emiliano','Peron','2017-02-02 15:31:34','2017-02-02 15:31:34',NULL,NULL,NULL,NULL,1,NULL,NULL,NULL,'',NULL,'EPeron','Imported from LDAP',NULL,NULL,1,'en',1,NULL,0,0,NULL,NULL,NULL,NULL,NULL),(215,'Giulio.Soleni@iks.it','$2y$10$7rfb85o8PJbz1xG7eyYLRu8QYjE1lAYYVun1AB23il71Tu0vl9tuO',NULL,1,NULL,NULL,NULL,NULL,NULL,'Giulio','Soleni','2017-02-02 15:31:34','2017-02-02 15:31:34',NULL,NULL,NULL,NULL,1,NULL,NULL,NULL,'',NULL,'gsoleni','Imported from LDAP',NULL,NULL,1,'en',1,NULL,0,0,NULL,NULL,NULL,NULL,NULL),(216,'Stefano.Bertolin@iks.it','$2y$10$7rfb85o8PJbz1xG7eyYLRu8QYjE1lAYYVun1AB23il71Tu0vl9tuO',NULL,1,NULL,NULL,NULL,NULL,NULL,'Stefano','Bertolin','2017-02-02 15:31:34','2017-02-02 15:31:34',NULL,NULL,NULL,NULL,1,NULL,NULL,NULL,'',NULL,'sbertolin','Imported from LDAP',NULL,NULL,1,'en',1,NULL,0,0,NULL,NULL,NULL,NULL,NULL),(217,'Arrigo.Madoni@iks.it','$2y$10$8gEWUurIPdvb3MPjLHJV7eZQu3muW/4Ipk7FUMVRMwXGlxAPWWBU6','{\"superuser\":\"1\",\"admin\":\"1\",\"reports.view\":\"1\",\"assets.view\":\"1\",\"assets.create\":\"1\",\"assets.edit\":\"1\",\"assets.delete\":\"1\",\"assets.checkin\":\"1\",\"assets.checkout\":\"1\",\"assets.view.requestable\":\"1\",\"accessories.view\":\"1\",\"accessories.create\":\"1\",\"accessories.edit\":\"1\",\"accessories.delete\":\"1\",\"accessories.checkout\":\"1\",\"accessories.checkin\":\"1\",\"consumables.view\":\"1\",\"consumables.create\":\"1\",\"consumables.edit\":\"1\",\"consumables.delete\":\"1\",\"consumables.checkout\":\"1\",\"licenses.view\":\"1\",\"licenses.create\":\"1\",\"licenses.edit\":\"1\",\"licenses.delete\":\"1\",\"licenses.checkout\":\"1\",\"licenses.keys\":\"1\",\"components.view\":\"1\",\"components.create\":\"1\",\"components.edit\":\"1\",\"components.delete\":\"1\",\"components.checkout\":\"1\",\"components.checkin\":\"1\",\"users.view\":\"0\",\"users.create\":\"0\",\"users.edit\":\"0\",\"users.delete\":\"0\",\"self.two_factor\":\"0\"}',1,NULL,NULL,NULL,NULL,NULL,'Arrigo','Madoni','2017-02-02 15:31:34','2017-10-24 13:19:19',NULL,'',NULL,'',2,'','',NULL,'',NULL,'amadoni','Imported from LDAP',1,'TdeWuPKvf2nyA0EAoXH9LEzfrOe14MexwDdv94j83g8pilGz9xpQacTz28jT',1,'it',1,NULL,0,0,NULL,NULL,NULL,NULL,NULL),(218,'mattia.zambolin@iks.it','$2y$10$7rfb85o8PJbz1xG7eyYLRu8QYjE1lAYYVun1AB23il71Tu0vl9tuO',NULL,1,NULL,NULL,NULL,NULL,NULL,'Mattia','Zambolin','2017-02-02 15:31:34','2017-02-02 15:31:34',NULL,NULL,NULL,NULL,1,NULL,NULL,NULL,'',NULL,'mzambolin','Imported from LDAP',NULL,NULL,1,'en',1,NULL,0,0,NULL,NULL,NULL,NULL,NULL),(219,'Riccardo.Murgo@iks.it','$2y$10$7rfb85o8PJbz1xG7eyYLRu8QYjE1lAYYVun1AB23il71Tu0vl9tuO',NULL,1,NULL,NULL,NULL,NULL,NULL,'Riccardo','Murgo','2017-02-02 15:31:34','2017-02-02 15:31:34',NULL,NULL,NULL,NULL,1,NULL,NULL,NULL,'',NULL,'rmurgo','Imported from LDAP',NULL,NULL,1,'en',1,NULL,0,0,NULL,NULL,NULL,NULL,NULL),(220,'Massimo.Celegato@iks.it','$2y$10$7rfb85o8PJbz1xG7eyYLRu8QYjE1lAYYVun1AB23il71Tu0vl9tuO',NULL,1,NULL,NULL,NULL,NULL,NULL,'Massimo','Celegato','2017-02-02 15:31:34','2017-02-02 15:31:34',NULL,NULL,NULL,NULL,1,NULL,NULL,NULL,'',NULL,'MCelegato','Imported from LDAP',NULL,NULL,1,'en',1,NULL,0,0,NULL,NULL,NULL,NULL,NULL),(221,'Andrea.Annoe@iks.it','$2y$10$7rfb85o8PJbz1xG7eyYLRu8QYjE1lAYYVun1AB23il71Tu0vl9tuO',NULL,1,NULL,NULL,NULL,NULL,NULL,'Andrea','Anno&egrave;','2017-02-02 15:31:34','2017-02-02 15:31:34',NULL,NULL,NULL,NULL,1,NULL,NULL,NULL,'',NULL,'aannoe','Imported from LDAP',NULL,NULL,1,'en',1,NULL,0,0,NULL,NULL,NULL,NULL,NULL),(222,'Luca.Rivoltella@iks.it','$2y$10$7rfb85o8PJbz1xG7eyYLRu8QYjE1lAYYVun1AB23il71Tu0vl9tuO',NULL,1,NULL,NULL,NULL,NULL,NULL,'Luca','Rivoltella','2017-02-02 15:31:34','2017-02-02 15:31:34',NULL,NULL,NULL,NULL,1,NULL,NULL,NULL,'',NULL,'lrivoltella','Imported from LDAP',NULL,NULL,1,'en',1,NULL,0,0,NULL,NULL,NULL,NULL,NULL),(223,'Francesco.Guzzo@iks.it','$2y$10$7rfb85o8PJbz1xG7eyYLRu8QYjE1lAYYVun1AB23il71Tu0vl9tuO',NULL,1,NULL,NULL,NULL,NULL,NULL,'Francesco','Guzzo','2017-02-02 15:31:34','2017-02-02 15:31:34',NULL,NULL,NULL,NULL,1,NULL,NULL,NULL,'',NULL,'fguzzo','Imported from LDAP',NULL,NULL,1,'en',1,NULL,0,0,NULL,NULL,NULL,NULL,NULL),(224,'alexandr.grigorcea@iks.it','$2y$10$7rfb85o8PJbz1xG7eyYLRu8QYjE1lAYYVun1AB23il71Tu0vl9tuO',NULL,1,NULL,NULL,NULL,NULL,NULL,'Alexandr','Grigorcea','2017-02-02 15:31:34','2017-02-02 15:31:34',NULL,NULL,NULL,NULL,1,NULL,NULL,NULL,'',NULL,'agrigorcea','Imported from LDAP',NULL,NULL,1,'en',1,NULL,0,0,NULL,NULL,NULL,NULL,NULL),(225,'Elena.Fasolo@iks.it','$2y$10$7rfb85o8PJbz1xG7eyYLRu8QYjE1lAYYVun1AB23il71Tu0vl9tuO',NULL,1,NULL,NULL,NULL,NULL,NULL,'Elena','Fasolo','2017-02-02 15:31:34','2017-02-02 15:31:34',NULL,NULL,NULL,NULL,1,NULL,NULL,NULL,'',NULL,'efasolo','Imported from LDAP',NULL,NULL,1,'en',1,NULL,0,0,NULL,NULL,NULL,NULL,NULL),(226,'Massimo.DeBeni@kimaps.com','$2y$10$7rfb85o8PJbz1xG7eyYLRu8QYjE1lAYYVun1AB23il71Tu0vl9tuO',NULL,1,NULL,NULL,NULL,NULL,NULL,'Massimo','De Beni','2017-02-02 15:31:34','2017-02-02 15:31:34',NULL,NULL,NULL,NULL,1,NULL,NULL,NULL,'',NULL,'mdebeni','Imported from LDAP',NULL,NULL,1,'en',1,NULL,0,0,NULL,NULL,NULL,NULL,NULL),(227,'Matteo.Chinellato@iks.it','$2y$10$7rfb85o8PJbz1xG7eyYLRu8QYjE1lAYYVun1AB23il71Tu0vl9tuO',NULL,1,NULL,NULL,NULL,NULL,NULL,'Matteo','Chinellato','2017-02-02 15:31:34','2017-02-02 15:31:34',NULL,NULL,NULL,NULL,1,NULL,NULL,NULL,'',NULL,'mchinellato','Imported from LDAP',NULL,NULL,1,'en',1,NULL,0,0,NULL,NULL,NULL,NULL,NULL),(228,'Mauro.Giachelle@kimaps.com','$2y$10$7rfb85o8PJbz1xG7eyYLRu8QYjE1lAYYVun1AB23il71Tu0vl9tuO',NULL,1,NULL,NULL,NULL,NULL,NULL,'Mauro','Giachelle','2017-02-02 15:31:34','2017-02-02 15:31:34',NULL,NULL,NULL,NULL,1,NULL,NULL,NULL,'',NULL,'mgiachelle','Imported from LDAP',NULL,NULL,1,'en',1,NULL,0,0,NULL,NULL,NULL,NULL,NULL),(229,'Enrico.Mingardo@iks.it','$2y$10$QwcGbzhukd8G4RqwcdPX..Kb0JpTXvr/8jLVJp5bWJngRyvGtFCW6','{\"superuser\":\"0\",\"admin\":\"0\",\"reports.view\":\"0\",\"assets.view\":\"0\",\"assets.create\":\"0\",\"assets.edit\":\"0\",\"assets.delete\":\"0\",\"assets.checkin\":\"0\",\"assets.checkout\":\"0\",\"assets.view.requestable\":\"0\",\"accessories.view\":\"0\",\"accessories.create\":\"0\",\"accessories.edit\":\"0\",\"accessories.delete\":\"0\",\"accessories.checkout\":\"0\",\"accessories.checkin\":\"0\",\"consumables.view\":\"0\",\"consumables.create\":\"0\",\"consumables.edit\":\"0\",\"consumables.delete\":\"0\",\"consumables.checkout\":\"0\",\"licenses.view\":\"0\",\"licenses.create\":\"0\",\"licenses.edit\":\"0\",\"licenses.delete\":\"0\",\"licenses.checkout\":\"0\",\"licenses.keys\":\"0\",\"components.view\":\"0\",\"components.create\":\"0\",\"components.edit\":\"0\",\"components.delete\":\"0\",\"components.checkout\":\"0\",\"components.checkin\":\"0\",\"users.view\":\"0\",\"users.create\":\"0\",\"users.edit\":\"0\",\"users.delete\":\"0\",\"self.two_factor\":\"0\"}',1,NULL,NULL,NULL,NULL,NULL,'Enrico','Mingardo','2017-02-02 15:31:34','2017-10-19 09:55:48',NULL,NULL,NULL,NULL,2,'','',NULL,'',NULL,'emingardo','Imported from LDAP',1,'EjKkDTHjTKhiR40RQ2tCPuZTcs9LjTPs3AHcbRwBtMrZqRSDzPnQsXq5i0mY',1,'en',1,NULL,0,0,NULL,NULL,NULL,NULL,NULL),(230,'alberto.astolfi@iks.it','$2y$10$7rfb85o8PJbz1xG7eyYLRu8QYjE1lAYYVun1AB23il71Tu0vl9tuO',NULL,1,NULL,NULL,NULL,NULL,NULL,'Alberto','Astolfi','2017-02-02 15:31:34','2017-02-02 15:31:34',NULL,NULL,NULL,NULL,1,NULL,NULL,NULL,'',NULL,'aastolfi','Imported from LDAP',NULL,NULL,1,'en',1,NULL,0,0,NULL,NULL,NULL,NULL,NULL),(231,'alessandro.trolese@iks.it','$2y$10$7rfb85o8PJbz1xG7eyYLRu8QYjE1lAYYVun1AB23il71Tu0vl9tuO',NULL,1,NULL,NULL,NULL,NULL,NULL,'Alessandro','Trolese','2017-02-02 15:31:34','2017-02-02 15:31:34',NULL,NULL,NULL,NULL,1,NULL,NULL,NULL,'',NULL,'atrolese','Imported from LDAP',NULL,NULL,1,'en',1,NULL,0,0,NULL,NULL,NULL,NULL,NULL),(232,'giorgio.traldi@iks.it','$2y$10$7rfb85o8PJbz1xG7eyYLRu8QYjE1lAYYVun1AB23il71Tu0vl9tuO',NULL,1,NULL,NULL,NULL,NULL,NULL,'Giorgio','Traldi','2017-02-02 15:31:34','2017-02-02 15:31:34',NULL,NULL,NULL,NULL,1,NULL,NULL,NULL,'',NULL,'gtraldi','Imported from LDAP',NULL,NULL,1,'en',1,NULL,0,0,NULL,NULL,NULL,NULL,NULL),(233,'mattia.rabbi@iks.it','$2y$10$7rfb85o8PJbz1xG7eyYLRu8QYjE1lAYYVun1AB23il71Tu0vl9tuO',NULL,1,NULL,NULL,NULL,NULL,NULL,'Mattia','Rabbi','2017-02-02 15:31:34','2017-02-02 15:31:34',NULL,NULL,NULL,NULL,1,NULL,NULL,NULL,'',NULL,'mrabbi','Imported from LDAP',NULL,NULL,1,'en',1,NULL,0,0,NULL,NULL,NULL,NULL,NULL),(234,'paola.castrignano@iks.it','$2y$10$7rfb85o8PJbz1xG7eyYLRu8QYjE1lAYYVun1AB23il71Tu0vl9tuO',NULL,1,NULL,NULL,NULL,NULL,NULL,'Paola','Castrignano','2017-02-02 15:31:34','2017-02-02 15:31:34',NULL,NULL,NULL,NULL,1,NULL,NULL,NULL,'',NULL,'pcastrignano','Imported from LDAP',NULL,NULL,1,'en',1,NULL,0,0,NULL,NULL,NULL,NULL,NULL),(235,'cesare.soprana@iks.it','$2y$10$7rfb85o8PJbz1xG7eyYLRu8QYjE1lAYYVun1AB23il71Tu0vl9tuO',NULL,1,NULL,NULL,NULL,NULL,NULL,'Cesare','Soprana','2017-02-02 15:31:34','2017-02-02 15:31:34',NULL,NULL,NULL,NULL,1,NULL,NULL,NULL,'',NULL,'csoprana','Imported from LDAP',NULL,NULL,1,'en',1,NULL,0,0,NULL,NULL,NULL,NULL,NULL),(236,'yed.vigano@iks.it','$2y$10$7rfb85o8PJbz1xG7eyYLRu8QYjE1lAYYVun1AB23il71Tu0vl9tuO',NULL,1,NULL,NULL,NULL,NULL,NULL,'Yed','Vigan&ograve;','2017-02-02 15:31:34','2017-02-02 15:31:34',NULL,NULL,NULL,NULL,1,NULL,NULL,NULL,'',NULL,'yvigano','Imported from LDAP',NULL,NULL,1,'en',1,NULL,0,0,NULL,NULL,NULL,NULL,NULL),(237,'lidia.gatto@iks.it','$2y$10$7rfb85o8PJbz1xG7eyYLRu8QYjE1lAYYVun1AB23il71Tu0vl9tuO',NULL,1,NULL,NULL,NULL,NULL,NULL,'Lidia','Gatto','2017-02-02 15:31:34','2017-02-02 15:31:34',NULL,NULL,NULL,NULL,1,NULL,NULL,NULL,'',NULL,'lgatto','Imported from LDAP',NULL,NULL,1,'en',1,NULL,0,0,NULL,NULL,NULL,NULL,NULL),(238,'franco.beccaria@iks.it','$2y$10$7rfb85o8PJbz1xG7eyYLRu8QYjE1lAYYVun1AB23il71Tu0vl9tuO',NULL,1,NULL,NULL,NULL,NULL,NULL,'Franco','Beccaria','2017-02-02 15:31:34','2017-02-02 15:31:34',NULL,NULL,NULL,NULL,1,NULL,NULL,NULL,'',NULL,'fbeccaria','Imported from LDAP',NULL,NULL,1,'en',1,NULL,0,0,NULL,NULL,NULL,NULL,NULL),(239,'francesca.masucci@iks.it','$2y$10$7rfb85o8PJbz1xG7eyYLRu8QYjE1lAYYVun1AB23il71Tu0vl9tuO',NULL,1,NULL,NULL,NULL,NULL,NULL,'Francesca','Masucci','2017-02-02 15:31:34','2017-02-02 15:31:34',NULL,NULL,NULL,NULL,1,NULL,NULL,NULL,'',NULL,'fmasucci','Imported from LDAP',NULL,NULL,1,'en',1,NULL,0,0,NULL,NULL,NULL,NULL,NULL),(240,'Maurizio.Finocchiaro@iks.it','$2y$10$jSROEaCf9GEMCKoYh4juG.eTe55bMk4GPy5hZikw9V4ivsnY7Tb2C','{\"superuser\":\"1\",\"admin\":\"1\",\"reports.view\":\"0\",\"assets.view\":\"0\",\"assets.create\":\"0\",\"assets.edit\":\"0\",\"assets.delete\":\"0\",\"assets.checkin\":\"0\",\"assets.checkout\":\"0\",\"assets.view.requestable\":\"0\",\"accessories.view\":\"0\",\"accessories.create\":\"0\",\"accessories.edit\":\"0\",\"accessories.delete\":\"0\",\"accessories.checkout\":\"0\",\"accessories.checkin\":\"0\",\"consumables.view\":\"0\",\"consumables.create\":\"0\",\"consumables.edit\":\"0\",\"consumables.delete\":\"0\",\"consumables.checkout\":\"0\",\"licenses.view\":\"0\",\"licenses.create\":\"0\",\"licenses.edit\":\"0\",\"licenses.delete\":\"0\",\"licenses.checkout\":\"0\",\"licenses.keys\":\"0\",\"components.view\":\"0\",\"components.create\":\"0\",\"components.edit\":\"0\",\"components.delete\":\"0\",\"components.checkout\":\"0\",\"components.checkin\":\"0\",\"users.view\":\"0\",\"users.create\":\"0\",\"users.edit\":\"0\",\"users.delete\":\"0\",\"self.two_factor\":\"0\"}',1,NULL,NULL,NULL,NULL,NULL,'Maurizio','Finocchiaro','2017-02-02 15:31:34','2017-11-02 16:28:10',NULL,'',NULL,'',2,'','',NULL,'',NULL,'mfinocchiaro','Imported from LDAP',NULL,'t7yYxJnlVenhLW2jMPxEbhCjCu8aSaIU5J3HNbqpoXyyY5nMqJac9HAfylEA',1,'en-GB',1,NULL,0,0,NULL,NULL,NULL,NULL,NULL),(241,'mario.delmonaco@iks.it','$2y$10$7rfb85o8PJbz1xG7eyYLRu8QYjE1lAYYVun1AB23il71Tu0vl9tuO',NULL,1,NULL,NULL,NULL,NULL,NULL,'Mario','Delmonaco','2017-02-02 15:31:34','2017-02-02 15:31:34',NULL,NULL,NULL,NULL,1,NULL,NULL,NULL,'',NULL,'mdelmonaco','Imported from LDAP',NULL,NULL,1,'en',1,NULL,0,0,NULL,NULL,NULL,NULL,NULL),(242,'luigi.zhou@iks.it','$2y$10$7rfb85o8PJbz1xG7eyYLRu8QYjE1lAYYVun1AB23il71Tu0vl9tuO',NULL,1,NULL,NULL,NULL,NULL,NULL,'Luigi','Zhou','2017-02-02 15:31:34','2017-02-02 15:31:34',NULL,NULL,NULL,NULL,1,NULL,NULL,NULL,'',NULL,'lzhou','Imported from LDAP',NULL,NULL,1,'en',1,NULL,0,0,NULL,NULL,NULL,NULL,NULL),(243,'daniele.saccon@iks.it','$2y$10$7rfb85o8PJbz1xG7eyYLRu8QYjE1lAYYVun1AB23il71Tu0vl9tuO',NULL,1,NULL,NULL,NULL,NULL,NULL,'Daniele','Saccon','2017-02-02 15:31:34','2017-02-02 15:31:34',NULL,NULL,NULL,NULL,1,NULL,NULL,NULL,'',NULL,'dsaccon','Imported from LDAP',NULL,NULL,1,'en',1,NULL,0,0,NULL,NULL,NULL,NULL,NULL),(244,'Luca.Baldo@iks.it','$2y$10$MklzTvVEpfs9ONIytsdNLuT80a.tzVrVyUSMytkHLaYN3PSwYEEF6','{\"superuser\":\"1\",\"admin\":\"1\",\"reports.view\":\"1\",\"assets.view\":\"1\",\"assets.create\":\"1\",\"assets.edit\":\"1\",\"assets.delete\":\"1\",\"assets.checkin\":\"1\",\"assets.checkout\":\"1\",\"assets.view.requestable\":\"1\",\"accessories.view\":\"1\",\"accessories.create\":\"1\",\"accessories.edit\":\"1\",\"accessories.delete\":\"1\",\"accessories.checkout\":\"1\",\"accessories.checkin\":\"1\",\"consumables.view\":\"1\",\"consumables.create\":\"1\",\"consumables.edit\":\"1\",\"consumables.delete\":\"1\",\"consumables.checkout\":\"1\",\"licenses.view\":\"1\",\"licenses.create\":\"1\",\"licenses.edit\":\"1\",\"licenses.delete\":\"1\",\"licenses.checkout\":\"1\",\"licenses.keys\":\"1\",\"components.view\":\"1\",\"components.create\":\"1\",\"components.edit\":\"1\",\"components.delete\":\"1\",\"components.checkout\":\"1\",\"components.checkin\":\"1\",\"users.view\":\"1\",\"users.create\":\"1\",\"users.edit\":\"1\",\"users.delete\":\"1\",\"self.two_factor\":\"0\"}',1,NULL,NULL,NULL,NULL,NULL,'Luca','Baldo','2017-02-02 15:31:34','2017-07-20 08:01:54',NULL,NULL,NULL,NULL,1,'','',NULL,'',NULL,'lbaldo','Imported from LDAP',NULL,'U2xzEVt3Z7eE4PX2iuHwco2mYM1K87Nl3pQHu26rNcNNTHaYn4IVeKJc5vaw',1,'en',1,NULL,0,0,NULL,NULL,NULL,NULL,NULL),(245,'admin2@secondo.com','$2y$10$g/spREEePV14.OZxn56QRu2DvIcdJ.1gJgoaNexyTduz6fYb7glz6','{\"admin\":1,\"user\":1,\"superuser\":1,\"reports.view\":1, \"licenses.keys\":1}',1,NULL,NULL,NULL,NULL,NULL,'Secondo','Amministratore','2017-09-14 12:25:45','2017-09-14 12:27:24',NULL,NULL,NULL,NULL,NULL,NULL,NULL,NULL,NULL,NULL,'admin2',NULL,NULL,'PsrsxBOJuyIzs4exKuqoRvNyzQjZh0vYRZdOmxE6QkoOxMOQpNKLDyIxorx5',0,'en',1,NULL,0,0,NULL,NULL,NULL,NULL,NULL),(246,'pietro.gabelli@iks.it','$2y$10$ofHwBsvqWSLJNKYnvkqbeOyty88O/ZH9PpGsVd0.bOWs6HoZ8kz76','{\"admin\":1,\"user\":1,\"superuser\":1,\"reports.view\":1, \"licenses.keys\":1}',1,NULL,NULL,'2017-12-20 08:19:55',NULL,NULL,'Pietro','Gabelli','2017-12-18 16:55:55','2017-12-20 08:19:55',NULL,NULL,NULL,NULL,NULL,NULL,NULL,NULL,NULL,NULL,'pgabelli',NULL,NULL,'rAbWRCBtwqOFGkFTNTEE5n9WqI6ay1etWE0BjjBHSyKeRzI9FGwuITFHyHKS',0,'en',1,NULL,0,0,NULL,NULL,NULL,NULL,NULL);
/*!40000 ALTER TABLE `users` ENABLE KEYS */;
UNLOCK TABLES;
DROP TABLE IF EXISTS `users_groups`;
/*!40101 SET @saved_cs_client     = @@character_set_client */;
/*!40101 SET character_set_client = utf8 */;
CREATE TABLE `users_groups` (
  `user_id` int(10) unsigned NOT NULL,
  `group_id` int(10) unsigned NOT NULL,
  PRIMARY KEY (`user_id`,`group_id`)
) ENGINE=InnoDB DEFAULT CHARSET=utf8 COLLATE=utf8_unicode_ci;
/*!40101 SET character_set_client = @saved_cs_client */;

LOCK TABLES `users_groups` WRITE;
/*!40000 ALTER TABLE `users_groups` DISABLE KEYS */;
INSERT INTO `users_groups` VALUES (167,1),(245,1),(246,1);
/*!40000 ALTER TABLE `users_groups` ENABLE KEYS */;
UNLOCK TABLES;
/*!40103 SET TIME_ZONE=@OLD_TIME_ZONE */;

/*!40101 SET SQL_MODE=@OLD_SQL_MODE */;
/*!40014 SET FOREIGN_KEY_CHECKS=@OLD_FOREIGN_KEY_CHECKS */;
/*!40014 SET UNIQUE_CHECKS=@OLD_UNIQUE_CHECKS */;
/*!40101 SET CHARACTER_SET_CLIENT=@OLD_CHARACTER_SET_CLIENT */;
/*!40101 SET CHARACTER_SET_RESULTS=@OLD_CHARACTER_SET_RESULTS */;
/*!40101 SET COLLATION_CONNECTION=@OLD_COLLATION_CONNECTION */;
/*!40111 SET SQL_NOTES=@OLD_SQL_NOTES */;

